{
    "6": {
        "inputs": {
            "text": "best quality, masterpiece, HDR, a realistic book placed on wooden table, natural lighting, studio photography style, clear details, crisp focus",
            "clip": [
                "30",
                1
            ]
        },
        "class_type": "CLIPTextEncode",
        "_meta": {
            "title": "CLIP Text Encode (Positive Prompt)"
        }
    },
    "8": {
        "inputs": {
            "samples": [
                "31",
                0
            ],
            "vae": [
                "30",
                2
            ]
        },
        "class_type": "VAEDecode",
        "_meta": {
            "title": "VAE解码"
        }
    },
    "9": {
        "inputs": {
            "filename_prefix": "book_generation_and_text_overlay",
            "images": [
                "8",
                0
            ]
        },
        "class_type": "SaveImage",
        "_meta": {
            "title": "保存图像"
        }
    },
    "27": {
        "inputs": {
            "width": 1024,
            "height": 1024,
            "batch_size": 1
        },
        "class_type": "EmptySD3LatentImage",
        "_meta": {
            "title": "空Latent图像（SD3）"
        }
    },
    "30": {
        "inputs": {
            "ckpt_name": "flux1-dev-fp8.safetensors"
        },
        "class_type": "CheckpointLoaderSimple",
        "_meta": {
            "title": "Checkpoint加载器（简易）"
        }
    },
    "31": {
        "inputs": {
            "seed": 750176419460587,
            "steps": 20,
            "cfg": 1,
            "sampler_name": "euler",
            "scheduler": "simple",
            "denoise": 1,
            "model": [
                "30",
                0
            ],
            "positive": [
                "35",
                0
            ],
            "negative": [
                "33",
                0
            ],
            "latent_image": [
                "27",
                0
            ]
        },
        "class_type": "KSampler",
        "_meta": {
            "title": "K采样器"
        }
    },
    "33": {
        "inputs": {
            "text": "",
            "clip": [
                "30",
                1
            ]
        },
        "class_type": "CLIPTextEncode",
        "_meta": {
            "title": "CLIP Text Encode (Negative Prompt)"
        }
    },
    "35": {
        "inputs": {
            "guidance": 3.5,
            "conditioning": [
                "6",
                0
            ]
        },
        "class_type": "FluxGuidance",
        "_meta": {
            "title": "Flux引导"
        }
    },
    "76": {
        "inputs": {
            "text": "overlay text, best quality, masterpiece, HDR, white text 'Book' positioned at top left corner, clear typography, seamless integration",
            "clip": [
                "108",
                0
            ]
        },
        "class_type": "CLIPTextEncode",
        "_meta": {
            "title": "CLIP Text Encode (Positive Prompt)"
        }
    },
    "78": {
        "inputs": {
            "samples": [
                "101",
                0
            ],
            "vae": [
                "109",
                0
            ]
        },
        "class_type": "VAEDecode",
        "_meta": {
            "title": "VAE解码"
        }
    },
    "101": {
        "inputs": {
            "seed": 130963494109528,
            "steps": 20,
            "cfg": 1,
            "sampler_name": "euler",
            "scheduler": "simple",
            "denoise": 1,
            "model": [
                "107",
                0
            ],
            "positive": [
                "105",
                0
            ],
            "negative": [
                "205",
                0
            ],
            "latent_image": [
                "194",
                0
            ]
        },
        "class_type": "KSampler",
        "_meta": {
            "title": "K采样器"
        }
    },
    "105": {
        "inputs": {
            "guidance": 2.5,
            "conditioning": [
                "247",
                0
            ]
        },
        "class_type": "FluxGuidance",
        "_meta": {
            "title": "Flux引导"
        }
    },
    "107": {
        "inputs": {
            "unet_name": "flux1-dev-kontext_fp8_scaled.safetensors",
            "weight_dtype": "default"
        },
        "class_type": "UNETLoader",
        "_meta": {
            "title": "UNet加载器"
        }
    },
    "108": {
        "inputs": {
            "clip_name1": "clip_l.safetensors",
            "clip_name2": "t5xxl_fp8_e4m3fn_scaled.safetensors",
            "type": "flux",
            "device": "default"
        },
        "class_type": "DualCLIPLoader",
        "_meta": {
            "title": "双CLIP加载器"
        }
    },
    "109": {
        "inputs": {
            "vae_name": "ae.safetensors"
        },
        "class_type": "VAELoader",
        "_meta": {
            "title": "加载VAE"
        }
    },
    "112": {
        "inputs": {
            "image": [
                "8",
                0
            ]
        },
        "class_type": "FluxKontextImageScale",
        "_meta": {
            "title": "FluxKontextImageScale"
        }
    },
    "194": {
        "inputs": {
            "pixels": [
                "112",
                0
            ],
            "vae": [
                "109",
                0
            ]
        },
        "class_type": "VAEEncode",
        "_meta": {
            "title": "VAE编码"
        }
    },
    "205": {
        "inputs": {
            "conditioning": [
                "76",
                0
            ]
        },
        "class_type": "ConditioningZeroOut",
        "_meta": {
            "title": "条件零化"
        }
    },
    "206": {
        "inputs": {
            "filename_prefix": "book_generation_and_text_overlay",
            "images": [
                "78",
                0
            ]
        },
        "class_type": "SaveImage",
        "_meta": {
            "title": "保存图像"
        }
    },
    "247": {
        "inputs": {
            "conditioning": [
                "76",
                0
            ],
            "latent": [
                "194",
                0
            ]
        },
        "class_type": "ReferenceLatent",
        "_meta": {
            "title": "ReferenceLatent"
        }
    },
    "259": {
        "inputs": {
            "image": "yellow_race.png"
        },
        "class_type": "LoadImage",
        "_meta": {
            "title": "加载图像"
        }
    }
}