{
    "6": {
        "inputs": {
            "text": "Generate a new image of a large church following the style of the image `large_castle.png`",
            "clip": [
                "38",
                0
            ]
        },
        "class_type": "CLIPTextEncode",
        "_meta": {
            "title": "CLIP Text Encode (Positive Prompt)"
        }
    },
    "8": {
        "inputs": {
            "samples": [
                "31",
                0
            ],
            "vae": [
                "39",
                0
            ]
        },
        "class_type": "VAEDecode",
        "_meta": {
            "title": "VAE解码"
        }
    },
    "31": {
        "inputs": {
            "seed": 130963494109528,
            "steps": 20,
            "cfg": 1,
            "sampler_name": "euler",
            "scheduler": "simple",
            "denoise": 1,
            "model": [
                "37",
                0
            ],
            "positive": [
                "35",
                0
            ],
            "negative": [
                "135",
                0
            ],
            "latent_image": [
                "124",
                0
            ]
        },
        "class_type": "KSampler",
        "_meta": {
            "title": "K采样器"
        }
    },
    "35": {
        "inputs": {
            "guidance": 2.5,
            "conditioning": [
                "177",
                0
            ]
        },
        "class_type": "FluxGuidance",
        "_meta": {
            "title": "Flux引导"
        }
    },
    "37": {
        "inputs": {
            "unet_name": "flux1-dev-kontext_fp8_scaled.safetensors",
            "weight_dtype": "default"
        },
        "class_type": "UNETLoader",
        "_meta": {
            "title": "UNet加载器"
        }
    },
    "38": {
        "inputs": {
            "clip_name1": "clip_l.safetensors",
            "clip_name2": "t5xxl_fp8_e4m3fn_scaled.safetensors",
            "type": "flux",
            "device": "default"
        },
        "class_type": "DualCLIPLoader",
        "_meta": {
            "title": "双CLIP加载器"
        }
    },
    "39": {
        "inputs": {
            "vae_name": "ae.safetensors"
        },
        "class_type": "VAELoader",
        "_meta": {
            "title": "加载VAE"
        }
    },
    "42": {
        "inputs": {
            "image": [
                "189",
                0
            ]
        },
        "class_type": "FluxKontextImageScale",
        "_meta": {
            "title": "FluxKontextImageScale"
        }
    },
    "124": {
        "inputs": {
            "pixels": [
                "42",
                0
            ],
            "vae": [
                "39",
                0
            ]
        },
        "class_type": "VAEEncode",
        "_meta": {
            "title": "VAE编码"
        }
    },
    "135": {
        "inputs": {
            "conditioning": [
                "6",
                0
            ]
        },
        "class_type": "ConditioningZeroOut",
        "_meta": {
            "title": "条件零化"
        }
    },
    "136": {
        "inputs": {
            "filename_prefix": "castle_style_cloning_and_video_conversion_and_upscaling_interpolation",
            "images": [
                "8",
                0
            ]
        },
        "class_type": "SaveImage",
        "_meta": {
            "title": "保存图像"
        }
    },
    "177": {
        "inputs": {
            "conditioning": [
                "6",
                0
            ],
            "latent": [
                "124",
                0
            ]
        },
        "class_type": "ReferenceLatent",
        "_meta": {
            "title": "ReferenceLatent"
        }
    },
    "189": {
        "inputs": {
            "image": "large_castle.png"
        },
        "class_type": "LoadImage",
        "_meta": {
            "title": "加载图像"
        }
    },
    "381": {
        "inputs": {
            "seed": 61004123595552,
            "steps": 20,
            "cfg": 5,
            "sampler_name": "uni_pc",
            "scheduler": "simple",
            "denoise": 1,
            "model": [
                "426",
                0
            ],
            "positive": [
                "384",
                0
            ],
            "negative": [
                "385",
                0
            ],
            "latent_image": [
                "433",
                0
            ]
        },
        "class_type": "KSampler",
        "_meta": {
            "title": "K采样器"
        }
    },
    "384": {
        "inputs": {
            "text": "Convert the generated image of the church into a 2 - second video of the church.",
            "clip": [
                "416",
                0
            ]
        },
        "class_type": "CLIPTextEncode",
        "_meta": {
            "title": "CLIP Text Encode (Positive Prompt)"
        }
    },
    "385": {
        "inputs": {
            "text": "色调艳丽，过曝，静态，细节模糊不清，字幕，风格，作品，画作，画面，静止，整体发灰，最差质量，低质量，JPEG压缩残留，丑陋的，残缺的，多余的手指，画得不好的手部，画得不好的脸部，畸形的，毁容的，形态畸形的肢体，手指融合，静止不动的画面，杂乱的背景，三条腿，背景人很多，倒着走",
            "clip": [
                "416",
                0
            ]
        },
        "class_type": "CLIPTextEncode",
        "_meta": {
            "title": "CLIP Text Encode (Negative Prompt)"
        }
    },
    "386": {
        "inputs": {
            "samples": [
                "381",
                0
            ],
            "vae": [
                "417",
                0
            ]
        },
        "class_type": "VAEDecode",
        "_meta": {
            "title": "VAE解码"
        }
    },
    "415": {
        "inputs": {
            "unet_name": "wan2.2_ti2v_5B_fp16.safetensors",
            "weight_dtype": "default"
        },
        "class_type": "UNETLoader",
        "_meta": {
            "title": "UNet加载器"
        }
    },
    "416": {
        "inputs": {
            "clip_name": "umt5_xxl_fp8_e4m3fn_scaled.safetensors",
            "type": "wan",
            "device": "default"
        },
        "class_type": "CLIPLoader",
        "_meta": {
            "title": "加载CLIP"
        }
    },
    "417": {
        "inputs": {
            "vae_name": "wan2.2_vae.safetensors"
        },
        "class_type": "VAELoader",
        "_meta": {
            "title": "加载VAE"
        }
    },
    "426": {
        "inputs": {
            "shift": 8,
            "model": [
                "415",
                0
            ]
        },
        "class_type": "ModelSamplingSD3",
        "_meta": {
            "title": "采样算法（SD3）"
        }
    },
    "433": {
        "inputs": {
            "width": 1280,
            "height": 704,
            "length": 49,
            "batch_size": 1,
            "vae": [
                "417",
                0
            ],
            "start_image": [
                "8",
                0
            ]
        },
        "class_type": "Wan22ImageToVideoLatent",
        "_meta": {
            "title": "Wan22ImageToVideoLatent"
        }
    },
    "434": {
        "inputs": {
            "image": "large_castle.png"
        },
        "class_type": "LoadImage",
        "_meta": {
            "title": "加载图像"
        }
    },
    "435": {
        "inputs": {
            "fps": 24,
            "images": [
                "386",
                0
            ]
        },
        "class_type": "CreateVideo",
        "_meta": {
            "title": "创建视频"
        }
    },
    "436": {
        "inputs": {
            "filename_prefix": "castle_style_cloning_and_video_conversion_and_upscaling_interpolation",
            "format": "mp4",
            "codec": "h264",
            "video-preview": "",
            "video": [
                "435",
                0
            ]
        },
        "class_type": "SaveVideo",
        "_meta": {
            "title": "保存视频"
        }
    },
    "684": {
        "inputs": {
            "model_name": "RealESRGAN_x2.pth"
        },
        "class_type": "UpscaleModelLoader",
        "_meta": {
            "title": "加载放大模型"
        }
    },
    "686": {
        "inputs": {
            "upscale_model": [
                "684",
                0
            ],
            "image": [
                "688",
                0
            ]
        },
        "class_type": "ImageUpscaleWithModel",
        "_meta": {
            "title": "使用模型放大图像"
        }
    },
    "688": {
        "inputs": {
            "video": "large_castle.png",
            "force_rate": 0,
            "custom_width": 0,
            "custom_height": 0,
            "frame_load_cap": 0,
            "skip_first_frames": 0,
            "select_every_nth": 1,
            "format": "AnimateDiff"
        },
        "class_type": "VHS_LoadVideo",
        "_meta": {
            "title": "Load Video (Upload) 🎥🅥🅗🅢"
        }
    },
    "694": {
        "inputs": {
            "frame_rate": 16,
            "loop_count": 0,
            "filename_prefix": "castle_style_cloning_and_video_conversion_and_upscaling_interpolation",
            "format": "video/h264-mp4",
            "lossless": true,
            "pingpong": false,
            "save_output": true,
            "images": [
                "686",
                0
            ]
        },
        "class_type": "VHS_VideoCombine",
        "_meta": {
            "title": "Video Combine 🎥🅥🅗🅢"
        }
    },
    "953": {
        "inputs": {
            "ckpt_name": "rife47.pth",
            "clear_cache_after_n_frames": 10,
            "multiplier": 3,
            "fast_mode": true,
            "ensemble": true,
            "scale_factor": 1,
            "frames": [
                "954",
                0
            ]
        },
        "class_type": "RIFE VFI",
        "_meta": {
            "title": "RIFE VFI (recommend rife47 and rife49)"
        }
    },
    "954": {
        "inputs": {
            "video": "large_castle.png",
            "force_rate": 0,
            "custom_width": 0,
            "custom_height": 0,
            "frame_load_cap": 0,
            "skip_first_frames": 0,
            "select_every_nth": 1,
            "format": "AnimateDiff"
        },
        "class_type": "VHS_LoadVideo",
        "_meta": {
            "title": "Load Video (Upload) 🎥🅥🅗🅢"
        }
    },
    "955": {
        "inputs": {
            "frame_rate": 90,
            "loop_count": 0,
            "filename_prefix": "castle_style_cloning_and_video_conversion_and_upscaling_interpolation",
            "format": "video/h264-mp4",
            "pix_fmt": "yuv420p",
            "crf": 19,
            "save_metadata": true,
            "trim_to_audio": false,
            "pingpong": false,
            "save_output": true,
            "images": [
                "953",
                0
            ]
        },
        "class_type": "VHS_VideoCombine",
        "_meta": {
            "title": "Video Combine 🎥🅥🅗🅢"
        }
    }
}