{
    "3": {
        "inputs": {
            "seed": 510066721293426,
            "steps": 20,
            "cfg": 5,
            "sampler_name": "uni_pc",
            "scheduler": "simple",
            "denoise": 1,
            "model": [
                "48",
                0
            ],
            "positive": [
                "60",
                0
            ],
            "negative": [
                "60",
                1
            ],
            "latent_image": [
                "60",
                2
            ]
        },
        "class_type": "KSampler",
        "_meta": {
            "title": "K采样器"
        }
    },
    "6": {
        "inputs": {
            "text": "Change the cup material into a silver metallic cup with a reflective surface, best quality, masterpiece, HDR, a silver metallic cup with reflective surface in natural lighting, cinematic atmosphere, realistic texture details, soft ambient lighting, photorealistic style",
            "clip": [
                "38",
                0
            ]
        },
        "class_type": "CLIPTextEncode",
        "_meta": {
            "title": "CLIP Text Encode (Positive Prompt)"
        }
    },
    "7": {
        "inputs": {
            "text": "色调艳丽，过曝，静态，细节模糊不清，字幕，风格，作品，画作，画面，静止，整体发灰，最差质量，低质量，JPEG压缩残留，丑陋的，残缺的，多余的手指，画得不好的手部，画得不好的脸部，畸形的，毁容的，形态畸形的肢体，手指融合，静止不动的画面，杂乱的背景，三条腿，背景人很多，倒着走",
            "clip": [
                "38",
                0
            ]
        },
        "class_type": "CLIPTextEncode",
        "_meta": {
            "title": "CLIP Text Encode (Negative Prompt)"
        }
    },
    "8": {
        "inputs": {
            "samples": [
                "3",
                0
            ],
            "vae": [
                "39",
                0
            ]
        },
        "class_type": "VAEDecode",
        "_meta": {
            "title": "VAE解码"
        }
    },
    "37": {
        "inputs": {
            "unet_name": "wan2.2_fun_control_5B_bf16.safetensors",
            "weight_dtype": "default"
        },
        "class_type": "UNETLoader",
        "_meta": {
            "title": "UNet加载器"
        }
    },
    "38": {
        "inputs": {
            "clip_name": "umt5_xxl_fp8_e4m3fn_scaled.safetensors",
            "type": "wan",
            "device": "default"
        },
        "class_type": "CLIPLoader",
        "_meta": {
            "title": "加载CLIP"
        }
    },
    "39": {
        "inputs": {
            "vae_name": "wan2.2_vae.safetensors"
        },
        "class_type": "VAELoader",
        "_meta": {
            "title": "加载VAE"
        }
    },
    "48": {
        "inputs": {
            "shift": 8,
            "model": [
                "37",
                0
            ]
        },
        "class_type": "ModelSamplingSD3",
        "_meta": {
            "title": "采样算法（SD3）"
        }
    },
    "57": {
        "inputs": {
            "fps": 24,
            "images": [
                "8",
                0
            ]
        },
        "class_type": "CreateVideo",
        "_meta": {
            "title": "创建视频"
        }
    },
    "58": {
        "inputs": {
            "filename_prefix": "cup_material_modification",
            "format": "mp4",
            "codec": "h264",
            "video-preview": "",
            "video": [
                "57",
                0
            ]
        },
        "class_type": "SaveVideo",
        "_meta": {
            "title": "保存视频"
        }
    },
    "60": {
        "inputs": {
            "width": 1024,
            "height": 704,
            "length": 73,
            "batch_size": 1,
            "positive": [
                "6",
                0
            ],
            "negative": [
                "7",
                0
            ],
            "vae": [
                "39",
                0
            ],
            "control_video": [
                "69",
                0
            ]
        },
        "class_type": "Wan22FunControlToVideo",
        "_meta": {
            "title": "Wan22FunControlToVideo"
        }
    },
    "69": {
        "inputs": {
            "video": "pour_water.mp4",
            "force_rate": 0,
            "custom_width": 0,
            "custom_height": 0,
            "frame_load_cap": 73,
            "skip_first_frames": 0,
            "select_every_nth": 1,
            "format": "AnimateDiff"
        },
        "class_type": "VHS_LoadVideo",
        "_meta": {
            "title": "Load Video (Upload) 🎥🅥🅗🅢"
        }
    }
}