{
    "6": {
        "inputs": {
            "text": "Generate a spectacular scene of an ancient Egyptian pyramid construction site where slaves and craftsmen are working together, with detailed depictions of the pyramid structure, tools, and the activities of the workers",
            "clip": [
                "30",
                1
            ]
        },
        "class_type": "CLIPTextEncode",
        "_meta": {
            "title": "CLIP Text Encode (Positive Prompt)"
        }
    },
    "8": {
        "inputs": {
            "samples": [
                "31",
                0
            ],
            "vae": [
                "30",
                2
            ]
        },
        "class_type": "VAEDecode",
        "_meta": {
            "title": "VAE解码"
        }
    },
    "9": {
        "inputs": {
            "filename_prefix": "egyptian_pyramid_construction_and_cyberpunk_ninja",
            "images": [
                "8",
                0
            ]
        },
        "class_type": "SaveImage",
        "_meta": {
            "title": "保存图像"
        }
    },
    "27": {
        "inputs": {
            "width": 1024,
            "height": 1024,
            "batch_size": 1
        },
        "class_type": "EmptySD3LatentImage",
        "_meta": {
            "title": "空Latent图像（SD3）"
        }
    },
    "30": {
        "inputs": {
            "ckpt_name": "flux1-dev-fp8.safetensors"
        },
        "class_type": "CheckpointLoaderSimple",
        "_meta": {
            "title": "Checkpoint加载器（简易）"
        }
    },
    "31": {
        "inputs": {
            "seed": 750176419460587,
            "steps": 20,
            "cfg": 1,
            "sampler_name": "euler",
            "scheduler": "simple",
            "denoise": 1,
            "model": [
                "30",
                0
            ],
            "positive": [
                "35",
                0
            ],
            "negative": [
                "33",
                0
            ],
            "latent_image": [
                "27",
                0
            ]
        },
        "class_type": "KSampler",
        "_meta": {
            "title": "K采样器"
        }
    },
    "33": {
        "inputs": {
            "text": "",
            "clip": [
                "30",
                1
            ]
        },
        "class_type": "CLIPTextEncode",
        "_meta": {
            "title": "CLIP Text Encode (Negative Prompt)"
        }
    },
    "35": {
        "inputs": {
            "guidance": 3.5,
            "conditioning": [
                "6",
                0
            ]
        },
        "class_type": "FluxGuidance",
        "_meta": {
            "title": "Flux引导"
        }
    },
    "41": {
        "inputs": {
            "text": "Create an image of mechanical ninjas fighting in an alley in a cyberpunk world, with neon lights, flying cars in the background, and detailed mechanical designs on the ninjas",
            "clip": [
                "65",
                1
            ]
        },
        "class_type": "CLIPTextEncode",
        "_meta": {
            "title": "CLIP Text Encode (Positive Prompt)"
        }
    },
    "43": {
        "inputs": {
            "samples": [
                "66",
                0
            ],
            "vae": [
                "65",
                2
            ]
        },
        "class_type": "VAEDecode",
        "_meta": {
            "title": "VAE解码"
        }
    },
    "44": {
        "inputs": {
            "filename_prefix": "egyptian_pyramid_construction_and_cyberpunk_ninja",
            "images": [
                "43",
                0
            ]
        },
        "class_type": "SaveImage",
        "_meta": {
            "title": "保存图像"
        }
    },
    "62": {
        "inputs": {
            "width": 1024,
            "height": 1024,
            "batch_size": 1
        },
        "class_type": "EmptySD3LatentImage",
        "_meta": {
            "title": "空Latent图像（SD3）"
        }
    },
    "65": {
        "inputs": {
            "ckpt_name": "flux1-dev-fp8.safetensors"
        },
        "class_type": "CheckpointLoaderSimple",
        "_meta": {
            "title": "Checkpoint加载器（简易）"
        }
    },
    "66": {
        "inputs": {
            "seed": 750176419460587,
            "steps": 20,
            "cfg": 1,
            "sampler_name": "euler",
            "scheduler": "simple",
            "denoise": 1,
            "model": [
                "65",
                0
            ],
            "positive": [
                "70",
                0
            ],
            "negative": [
                "68",
                0
            ],
            "latent_image": [
                "62",
                0
            ]
        },
        "class_type": "KSampler",
        "_meta": {
            "title": "K采样器"
        }
    },
    "68": {
        "inputs": {
            "text": "",
            "clip": [
                "65",
                1
            ]
        },
        "class_type": "CLIPTextEncode",
        "_meta": {
            "title": "CLIP Text Encode (Negative Prompt)"
        }
    },
    "70": {
        "inputs": {
            "guidance": 3.5,
            "conditioning": [
                "41",
                0
            ]
        },
        "class_type": "FluxGuidance",
        "_meta": {
            "title": "Flux引导"
        }
    },
    "111": {
        "inputs": {
            "text": "Change the pyramid construction scene to a warm yellow tone and enhance the sand effect, while keeping all the elements of the scene, such as the positions of slaves, craftsmen, and the pyramid, unchanged",
            "clip": [
                "143",
                0
            ]
        },
        "class_type": "CLIPTextEncode",
        "_meta": {
            "title": "CLIP Text Encode (Positive Prompt)"
        }
    },
    "113": {
        "inputs": {
            "samples": [
                "136",
                0
            ],
            "vae": [
                "144",
                0
            ]
        },
        "class_type": "VAEDecode",
        "_meta": {
            "title": "VAE解码"
        }
    },
    "136": {
        "inputs": {
            "seed": 130963494109528,
            "steps": 20,
            "cfg": 1,
            "sampler_name": "euler",
            "scheduler": "simple",
            "denoise": 1,
            "model": [
                "142",
                0
            ],
            "positive": [
                "140",
                0
            ],
            "negative": [
                "240",
                0
            ],
            "latent_image": [
                "229",
                0
            ]
        },
        "class_type": "KSampler",
        "_meta": {
            "title": "K采样器"
        }
    },
    "140": {
        "inputs": {
            "guidance": 2.5,
            "conditioning": [
                "282",
                0
            ]
        },
        "class_type": "FluxGuidance",
        "_meta": {
            "title": "Flux引导"
        }
    },
    "142": {
        "inputs": {
            "unet_name": "flux1-dev-kontext_fp8_scaled.safetensors",
            "weight_dtype": "default"
        },
        "class_type": "UNETLoader",
        "_meta": {
            "title": "UNet加载器"
        }
    },
    "143": {
        "inputs": {
            "clip_name1": "clip_l.safetensors",
            "clip_name2": "t5xxl_fp8_e4m3fn_scaled.safetensors",
            "type": "flux",
            "device": "default"
        },
        "class_type": "DualCLIPLoader",
        "_meta": {
            "title": "双CLIP加载器"
        }
    },
    "144": {
        "inputs": {
            "vae_name": "ae.safetensors"
        },
        "class_type": "VAELoader",
        "_meta": {
            "title": "加载VAE"
        }
    },
    "147": {
        "inputs": {
            "image": [
                "8",
                0
            ]
        },
        "class_type": "FluxKontextImageScale",
        "_meta": {
            "title": "FluxKontextImageScale"
        }
    },
    "229": {
        "inputs": {
            "pixels": [
                "147",
                0
            ],
            "vae": [
                "144",
                0
            ]
        },
        "class_type": "VAEEncode",
        "_meta": {
            "title": "VAE编码"
        }
    },
    "240": {
        "inputs": {
            "conditioning": [
                "111",
                0
            ]
        },
        "class_type": "ConditioningZeroOut",
        "_meta": {
            "title": "条件零化"
        }
    },
    "241": {
        "inputs": {
            "filename_prefix": "egyptian_pyramid_construction_and_cyberpunk_ninja",
            "images": [
                "113",
                0
            ]
        },
        "class_type": "SaveImage",
        "_meta": {
            "title": "保存图像"
        }
    },
    "282": {
        "inputs": {
            "conditioning": [
                "111",
                0
            ],
            "latent": [
                "229",
                0
            ]
        },
        "class_type": "ReferenceLatent",
        "_meta": {
            "title": "ReferenceLatent"
        }
    },
    "294": {
        "inputs": {
            "image": "yellow_race.png"
        },
        "class_type": "LoadImage",
        "_meta": {
            "title": "加载图像"
        }
    },
    "335": {
        "inputs": {
            "text": "Change the background of the mechanical ninja scene to an abandoned spaceport, keep the mechanical ninjas in the exact same position, scale, and pose",
            "clip": [
                "367",
                0
            ]
        },
        "class_type": "CLIPTextEncode",
        "_meta": {
            "title": "CLIP Text Encode (Positive Prompt)"
        }
    },
    "337": {
        "inputs": {
            "samples": [
                "360",
                0
            ],
            "vae": [
                "368",
                0
            ]
        },
        "class_type": "VAEDecode",
        "_meta": {
            "title": "VAE解码"
        }
    },
    "360": {
        "inputs": {
            "seed": 130963494109528,
            "steps": 20,
            "cfg": 1,
            "sampler_name": "euler",
            "scheduler": "simple",
            "denoise": 1,
            "model": [
                "366",
                0
            ],
            "positive": [
                "364",
                0
            ],
            "negative": [
                "464",
                0
            ],
            "latent_image": [
                "453",
                0
            ]
        },
        "class_type": "KSampler",
        "_meta": {
            "title": "K采样器"
        }
    },
    "364": {
        "inputs": {
            "guidance": 2.5,
            "conditioning": [
                "506",
                0
            ]
        },
        "class_type": "FluxGuidance",
        "_meta": {
            "title": "Flux引导"
        }
    },
    "366": {
        "inputs": {
            "unet_name": "flux1-dev-kontext_fp8_scaled.safetensors",
            "weight_dtype": "default"
        },
        "class_type": "UNETLoader",
        "_meta": {
            "title": "UNet加载器"
        }
    },
    "367": {
        "inputs": {
            "clip_name1": "clip_l.safetensors",
            "clip_name2": "t5xxl_fp8_e4m3fn_scaled.safetensors",
            "type": "flux",
            "device": "default"
        },
        "class_type": "DualCLIPLoader",
        "_meta": {
            "title": "双CLIP加载器"
        }
    },
    "368": {
        "inputs": {
            "vae_name": "ae.safetensors"
        },
        "class_type": "VAELoader",
        "_meta": {
            "title": "加载VAE"
        }
    },
    "371": {
        "inputs": {
            "image": [
                "43",
                0
            ]
        },
        "class_type": "FluxKontextImageScale",
        "_meta": {
            "title": "FluxKontextImageScale"
        }
    },
    "453": {
        "inputs": {
            "pixels": [
                "371",
                0
            ],
            "vae": [
                "368",
                0
            ]
        },
        "class_type": "VAEEncode",
        "_meta": {
            "title": "VAE编码"
        }
    },
    "464": {
        "inputs": {
            "conditioning": [
                "335",
                0
            ]
        },
        "class_type": "ConditioningZeroOut",
        "_meta": {
            "title": "条件零化"
        }
    },
    "465": {
        "inputs": {
            "filename_prefix": "egyptian_pyramid_construction_and_cyberpunk_ninja",
            "images": [
                "337",
                0
            ]
        },
        "class_type": "SaveImage",
        "_meta": {
            "title": "保存图像"
        }
    },
    "506": {
        "inputs": {
            "conditioning": [
                "335",
                0
            ],
            "latent": [
                "453",
                0
            ]
        },
        "class_type": "ReferenceLatent",
        "_meta": {
            "title": "ReferenceLatent"
        }
    },
    "518": {
        "inputs": {
            "image": "yellow_race.png"
        },
        "class_type": "LoadImage",
        "_meta": {
            "title": "加载图像"
        }
    },
    "969": {
        "inputs": {
            "seed": 61004123595552,
            "steps": 20,
            "cfg": 5,
            "sampler_name": "uni_pc",
            "scheduler": "simple",
            "denoise": 1,
            "model": [
                "1014",
                0
            ],
            "positive": [
                "972",
                0
            ],
            "negative": [
                "973",
                0
            ],
            "latent_image": [
                "1021",
                0
            ]
        },
        "class_type": "KSampler",
        "_meta": {
            "title": "K采样器"
        }
    },
    "972": {
        "inputs": {
            "text": "Convert the mechanical ninja battle in the abandoned spaceport into a 2 - second high - definition video with an increased frame rate and highlighted laser weapon effects, while maintaining the overall visual style and details of the image",
            "clip": [
                "1004",
                0
            ]
        },
        "class_type": "CLIPTextEncode",
        "_meta": {
            "title": "CLIP Text Encode (Positive Prompt)"
        }
    },
    "973": {
        "inputs": {
            "text": "色调艳丽，过曝，静态，细节模糊不清，字幕，风格，作品，画作，画面，静止，整体发灰，最差质量，低质量，JPEG压缩残留，丑陋的，残缺的，多余的手指，画得不好的手部，画得不好的脸部，畸形的，毁容的，形态畸形的肢体，手指融合，静止不动的画面，杂乱的背景，三条腿，背景人很多，倒着走",
            "clip": [
                "1004",
                0
            ]
        },
        "class_type": "CLIPTextEncode",
        "_meta": {
            "title": "CLIP Text Encode (Negative Prompt)"
        }
    },
    "974": {
        "inputs": {
            "samples": [
                "969",
                0
            ],
            "vae": [
                "1005",
                0
            ]
        },
        "class_type": "VAEDecode",
        "_meta": {
            "title": "VAE解码"
        }
    },
    "1003": {
        "inputs": {
            "unet_name": "wan2.2_ti2v_5B_fp16.safetensors",
            "weight_dtype": "default"
        },
        "class_type": "UNETLoader",
        "_meta": {
            "title": "UNet加载器"
        }
    },
    "1004": {
        "inputs": {
            "clip_name": "umt5_xxl_fp8_e4m3fn_scaled.safetensors",
            "type": "wan",
            "device": "default"
        },
        "class_type": "CLIPLoader",
        "_meta": {
            "title": "加载CLIP"
        }
    },
    "1005": {
        "inputs": {
            "vae_name": "wan2.2_vae.safetensors"
        },
        "class_type": "VAELoader",
        "_meta": {
            "title": "加载VAE"
        }
    },
    "1014": {
        "inputs": {
            "shift": 8,
            "model": [
                "1003",
                0
            ]
        },
        "class_type": "ModelSamplingSD3",
        "_meta": {
            "title": "采样算法（SD3）"
        }
    },
    "1021": {
        "inputs": {
            "width": 1280,
            "height": 704,
            "length": 49,
            "batch_size": 1,
            "vae": [
                "1005",
                0
            ],
            "start_image": [
                "337",
                0
            ]
        },
        "class_type": "Wan22ImageToVideoLatent",
        "_meta": {
            "title": "Wan22ImageToVideoLatent"
        }
    },
    "1022": {
        "inputs": {
            "image": "新对话.png"
        },
        "class_type": "LoadImage",
        "_meta": {
            "title": "加载图像"
        }
    },
    "1023": {
        "inputs": {
            "fps": 24,
            "images": [
                "974",
                0
            ]
        },
        "class_type": "CreateVideo",
        "_meta": {
            "title": "创建视频"
        }
    },
    "1024": {
        "inputs": {
            "filename_prefix": "egyptian_pyramid_construction_and_cyberpunk_ninja",
            "format": "mp4",
            "codec": "h264",
            "video-preview": "",
            "video": [
                "1023",
                0
            ]
        },
        "class_type": "SaveVideo",
        "_meta": {
            "title": "保存视频"
        }
    }
}