{
    "6": {
        "inputs": {
            "text": "Create an image of a futuristic city with flying cars shuttling through streets, best quality, masterpiece, HDR, UHD, 8K, realistic style",
            "clip": [
                "30",
                1
            ]
        },
        "class_type": "CLIPTextEncode",
        "_meta": {
            "title": "CLIP Text Encode (Positive Prompt)"
        }
    },
    "8": {
        "inputs": {
            "samples": [
                "31",
                0
            ],
            "vae": [
                "30",
                2
            ]
        },
        "class_type": "VAEDecode",
        "_meta": {
            "title": "VAE解码"
        }
    },
    "9": {
        "inputs": {
            "filename_prefix": "flying_cars_and_thor_battle",
            "images": [
                "8",
                0
            ]
        },
        "class_type": "SaveImage",
        "_meta": {
            "title": "保存图像"
        }
    },
    "27": {
        "inputs": {
            "width": 1024,
            "height": 1024,
            "batch_size": 1
        },
        "class_type": "EmptySD3LatentImage",
        "_meta": {
            "title": "空Latent图像（SD3）"
        }
    },
    "30": {
        "inputs": {
            "ckpt_name": "flux1-dev-fp8.safetensors"
        },
        "class_type": "CheckpointLoaderSimple",
        "_meta": {
            "title": "Checkpoint加载器（简易）"
        }
    },
    "31": {
        "inputs": {
            "seed": 750176419460587,
            "steps": 20,
            "cfg": 1,
            "sampler_name": "euler",
            "scheduler": "simple",
            "denoise": 1,
            "model": [
                "30",
                0
            ],
            "positive": [
                "35",
                0
            ],
            "negative": [
                "33",
                0
            ],
            "latent_image": [
                "27",
                0
            ]
        },
        "class_type": "KSampler",
        "_meta": {
            "title": "K采样器"
        }
    },
    "33": {
        "inputs": {
            "text": "",
            "clip": [
                "30",
                1
            ]
        },
        "class_type": "CLIPTextEncode",
        "_meta": {
            "title": "CLIP Text Encode (Negative Prompt)"
        }
    },
    "35": {
        "inputs": {
            "guidance": 3.5,
            "conditioning": [
                "6",
                0
            ]
        },
        "class_type": "FluxGuidance",
        "_meta": {
            "title": "Flux引导"
        }
    },
    "41": {
        "inputs": {
            "text": "Draw a scene of Thor, a man with long blond hair, muscular build, wearing a red cape and armor, holding a hammer, fighting the wolf Fenrir, a large wolf with sharp teeth and fur, on a snow - capped mountain from Norse mythology, best quality, masterpiece, HDR, UHD, 8K, realistic style",
            "clip": [
                "65",
                1
            ]
        },
        "class_type": "CLIPTextEncode",
        "_meta": {
            "title": "CLIP Text Encode (Positive Prompt)"
        }
    },
    "43": {
        "inputs": {
            "samples": [
                "66",
                0
            ],
            "vae": [
                "65",
                2
            ]
        },
        "class_type": "VAEDecode",
        "_meta": {
            "title": "VAE解码"
        }
    },
    "44": {
        "inputs": {
            "filename_prefix": "flying_cars_and_thor_battle",
            "images": [
                "43",
                0
            ]
        },
        "class_type": "SaveImage",
        "_meta": {
            "title": "保存图像"
        }
    },
    "62": {
        "inputs": {
            "width": 1024,
            "height": 1024,
            "batch_size": 1
        },
        "class_type": "EmptySD3LatentImage",
        "_meta": {
            "title": "空Latent图像（SD3）"
        }
    },
    "65": {
        "inputs": {
            "ckpt_name": "flux1-dev-fp8.safetensors"
        },
        "class_type": "CheckpointLoaderSimple",
        "_meta": {
            "title": "Checkpoint加载器（简易）"
        }
    },
    "66": {
        "inputs": {
            "seed": 750176419460587,
            "steps": 20,
            "cfg": 1,
            "sampler_name": "euler",
            "scheduler": "simple",
            "denoise": 1,
            "model": [
                "65",
                0
            ],
            "positive": [
                "70",
                0
            ],
            "negative": [
                "68",
                0
            ],
            "latent_image": [
                "62",
                0
            ]
        },
        "class_type": "KSampler",
        "_meta": {
            "title": "K采样器"
        }
    },
    "68": {
        "inputs": {
            "text": "",
            "clip": [
                "65",
                1
            ]
        },
        "class_type": "CLIPTextEncode",
        "_meta": {
            "title": "CLIP Text Encode (Negative Prompt)"
        }
    },
    "70": {
        "inputs": {
            "guidance": 3.5,
            "conditioning": [
                "41",
                0
            ]
        },
        "class_type": "FluxGuidance",
        "_meta": {
            "title": "Flux引导"
        }
    },
    "111": {
        "inputs": {
            "text": "Change the flying car street view to a dusk tone and add raindrop effects, keep the composition and the flying cars' positions and states unchanged, best quality, masterpiece, HDR, UHD, 8K, realistic style",
            "clip": [
                "143",
                0
            ]
        },
        "class_type": "CLIPTextEncode",
        "_meta": {
            "title": "CLIP Text Encode (Positive Prompt)"
        }
    },
    "113": {
        "inputs": {
            "samples": [
                "136",
                0
            ],
            "vae": [
                "144",
                0
            ]
        },
        "class_type": "VAEDecode",
        "_meta": {
            "title": "VAE解码"
        }
    },
    "136": {
        "inputs": {
            "seed": 130963494109528,
            "steps": 20,
            "cfg": 1,
            "sampler_name": "euler",
            "scheduler": "simple",
            "denoise": 1,
            "model": [
                "142",
                0
            ],
            "positive": [
                "140",
                0
            ],
            "negative": [
                "240",
                0
            ],
            "latent_image": [
                "229",
                0
            ]
        },
        "class_type": "KSampler",
        "_meta": {
            "title": "K采样器"
        }
    },
    "140": {
        "inputs": {
            "guidance": 2.5,
            "conditioning": [
                "282",
                0
            ]
        },
        "class_type": "FluxGuidance",
        "_meta": {
            "title": "Flux引导"
        }
    },
    "142": {
        "inputs": {
            "unet_name": "flux1-dev-kontext_fp8_scaled.safetensors",
            "weight_dtype": "default"
        },
        "class_type": "UNETLoader",
        "_meta": {
            "title": "UNet加载器"
        }
    },
    "143": {
        "inputs": {
            "clip_name1": "clip_l.safetensors",
            "clip_name2": "t5xxl_fp8_e4m3fn_scaled.safetensors",
            "type": "flux",
            "device": "default"
        },
        "class_type": "DualCLIPLoader",
        "_meta": {
            "title": "双CLIP加载器"
        }
    },
    "144": {
        "inputs": {
            "vae_name": "ae.safetensors"
        },
        "class_type": "VAELoader",
        "_meta": {
            "title": "加载VAE"
        }
    },
    "147": {
        "inputs": {
            "image": [
                "8",
                0
            ]
        },
        "class_type": "FluxKontextImageScale",
        "_meta": {
            "title": "FluxKontextImageScale"
        }
    },
    "229": {
        "inputs": {
            "pixels": [
                "147",
                0
            ],
            "vae": [
                "144",
                0
            ]
        },
        "class_type": "VAEEncode",
        "_meta": {
            "title": "VAE编码"
        }
    },
    "240": {
        "inputs": {
            "conditioning": [
                "111",
                0
            ]
        },
        "class_type": "ConditioningZeroOut",
        "_meta": {
            "title": "条件零化"
        }
    },
    "241": {
        "inputs": {
            "filename_prefix": "flying_cars_and_thor_battle",
            "images": [
                "113",
                0
            ]
        },
        "class_type": "SaveImage",
        "_meta": {
            "title": "保存图像"
        }
    },
    "282": {
        "inputs": {
            "conditioning": [
                "111",
                0
            ],
            "latent": [
                "229",
                0
            ]
        },
        "class_type": "ReferenceLatent",
        "_meta": {
            "title": "ReferenceLatent"
        }
    },
    "294": {
        "inputs": {
            "image": "yellow_race.png"
        },
        "class_type": "LoadImage",
        "_meta": {
            "title": "加载图像"
        }
    },
    "330": {
        "inputs": {
            "model_name": "RealESRGAN_x4.pth"
        },
        "class_type": "UpscaleModelLoader",
        "_meta": {
            "title": "加载放大模型"
        }
    },
    "331": {
        "inputs": {
            "image": "abnormal_hands.png"
        },
        "class_type": "LoadImage",
        "_meta": {
            "title": "加载图像"
        }
    },
    "332": {
        "inputs": {
            "upscale_model": [
                "330",
                0
            ],
            "image": [
                "43",
                0
            ]
        },
        "class_type": "ImageUpscaleWithModel",
        "_meta": {
            "title": "使用模型放大图像"
        }
    },
    "333": {
        "inputs": {
            "filename_prefix": "flying_cars_and_thor_battle",
            "images": [
                "332",
                0
            ]
        },
        "class_type": "SaveImage",
        "_meta": {
            "title": "保存图像"
        }
    },
    "602": {
        "inputs": {
            "text": "Increase the resolution of the Thor battle scene and change the background to an Arctic aurora night sky, keep Thor and the wolf Fenrir in the exact same position, scale, and pose, best quality, masterpiece, HDR, UHD, 8K, realistic style",
            "clip": [
                "634",
                0
            ]
        },
        "class_type": "CLIPTextEncode",
        "_meta": {
            "title": "CLIP Text Encode (Positive Prompt)"
        }
    },
    "604": {
        "inputs": {
            "samples": [
                "627",
                0
            ],
            "vae": [
                "635",
                0
            ]
        },
        "class_type": "VAEDecode",
        "_meta": {
            "title": "VAE解码"
        }
    },
    "627": {
        "inputs": {
            "seed": 130963494109528,
            "steps": 20,
            "cfg": 1,
            "sampler_name": "euler",
            "scheduler": "simple",
            "denoise": 1,
            "model": [
                "633",
                0
            ],
            "positive": [
                "631",
                0
            ],
            "negative": [
                "731",
                0
            ],
            "latent_image": [
                "720",
                0
            ]
        },
        "class_type": "KSampler",
        "_meta": {
            "title": "K采样器"
        }
    },
    "631": {
        "inputs": {
            "guidance": 2.5,
            "conditioning": [
                "773",
                0
            ]
        },
        "class_type": "FluxGuidance",
        "_meta": {
            "title": "Flux引导"
        }
    },
    "633": {
        "inputs": {
            "unet_name": "flux1-dev-kontext_fp8_scaled.safetensors",
            "weight_dtype": "default"
        },
        "class_type": "UNETLoader",
        "_meta": {
            "title": "UNet加载器"
        }
    },
    "634": {
        "inputs": {
            "clip_name1": "clip_l.safetensors",
            "clip_name2": "t5xxl_fp8_e4m3fn_scaled.safetensors",
            "type": "flux",
            "device": "default"
        },
        "class_type": "DualCLIPLoader",
        "_meta": {
            "title": "双CLIP加载器"
        }
    },
    "635": {
        "inputs": {
            "vae_name": "ae.safetensors"
        },
        "class_type": "VAELoader",
        "_meta": {
            "title": "加载VAE"
        }
    },
    "638": {
        "inputs": {
            "image": [
                "332",
                0
            ]
        },
        "class_type": "FluxKontextImageScale",
        "_meta": {
            "title": "FluxKontextImageScale"
        }
    },
    "720": {
        "inputs": {
            "pixels": [
                "638",
                0
            ],
            "vae": [
                "635",
                0
            ]
        },
        "class_type": "VAEEncode",
        "_meta": {
            "title": "VAE编码"
        }
    },
    "731": {
        "inputs": {
            "conditioning": [
                "602",
                0
            ]
        },
        "class_type": "ConditioningZeroOut",
        "_meta": {
            "title": "条件零化"
        }
    },
    "732": {
        "inputs": {
            "filename_prefix": "flying_cars_and_thor_battle",
            "images": [
                "604",
                0
            ]
        },
        "class_type": "SaveImage",
        "_meta": {
            "title": "保存图像"
        }
    },
    "773": {
        "inputs": {
            "conditioning": [
                "602",
                0
            ],
            "latent": [
                "720",
                0
            ]
        },
        "class_type": "ReferenceLatent",
        "_meta": {
            "title": "ReferenceLatent"
        }
    },
    "785": {
        "inputs": {
            "image": "yellow_race.png"
        },
        "class_type": "LoadImage",
        "_meta": {
            "title": "加载图像"
        }
    },
    "1240": {
        "inputs": {
            "seed": 456854031148357,
            "steps": 20,
            "cfg": 5,
            "sampler_name": "uni_pc",
            "scheduler": "simple",
            "denoise": 1,
            "model": [
                "1285",
                0
            ],
            "positive": [
                "1243",
                0
            ],
            "negative": [
                "1244",
                0
            ],
            "latent_image": [
                "1292",
                0
            ]
        },
        "class_type": "KSampler",
        "_meta": {
            "title": "K采样器"
        }
    },
    "1243": {
        "inputs": {
            "text": "Convert the Thor battle in the aurora into a 3 - second high - definition video with increased frame rate and more dazzling lightning effects, keep the composition and the states of Thor and the wolf Fenrir unchanged, best quality, masterpiece, HDR, UHD, 8K, realistic style",
            "clip": [
                "1275",
                0
            ]
        },
        "class_type": "CLIPTextEncode",
        "_meta": {
            "title": "CLIP Text Encode (Positive Prompt)"
        }
    },
    "1244": {
        "inputs": {
            "text": "色调艳丽，过曝，静态，细节模糊不清，字幕，风格，作品，画作，画面，静止，整体发灰，最差质量，低质量，JPEG压缩残留，丑陋的，残缺的，多余的手指，画得不好的手部，画得不好的脸部，畸形的，毁容的，形态畸形的肢体，手指融合，静止不动的画面，杂乱的背景，三条腿，背景人很多，倒着走",
            "clip": [
                "1275",
                0
            ]
        },
        "class_type": "CLIPTextEncode",
        "_meta": {
            "title": "CLIP Text Encode (Negative Prompt)"
        }
    },
    "1245": {
        "inputs": {
            "samples": [
                "1240",
                0
            ],
            "vae": [
                "1276",
                0
            ]
        },
        "class_type": "VAEDecode",
        "_meta": {
            "title": "VAE解码"
        }
    },
    "1274": {
        "inputs": {
            "unet_name": "wan2.2_ti2v_5B_fp16.safetensors",
            "weight_dtype": "default"
        },
        "class_type": "UNETLoader",
        "_meta": {
            "title": "UNet加载器"
        }
    },
    "1275": {
        "inputs": {
            "clip_name": "umt5_xxl_fp8_e4m3fn_scaled.safetensors",
            "type": "wan",
            "device": "default"
        },
        "class_type": "CLIPLoader",
        "_meta": {
            "title": "加载CLIP"
        }
    },
    "1276": {
        "inputs": {
            "vae_name": "wan2.2_vae.safetensors"
        },
        "class_type": "VAELoader",
        "_meta": {
            "title": "加载VAE"
        }
    },
    "1285": {
        "inputs": {
            "shift": 8,
            "model": [
                "1274",
                0
            ]
        },
        "class_type": "ModelSamplingSD3",
        "_meta": {
            "title": "采样算法（SD3）"
        }
    },
    "1292": {
        "inputs": {
            "width": 1280,
            "height": 704,
            "length": 73,
            "batch_size": 1,
            "vae": [
                "1276",
                0
            ],
            "start_image": [
                "604",
                0
            ]
        },
        "class_type": "Wan22ImageToVideoLatent",
        "_meta": {
            "title": "Wan22ImageToVideoLatent"
        }
    },
    "1293": {
        "inputs": {
            "image": "新对话.png"
        },
        "class_type": "LoadImage",
        "_meta": {
            "title": "加载图像"
        }
    },
    "1294": {
        "inputs": {
            "fps": 24,
            "images": [
                "1245",
                0
            ]
        },
        "class_type": "CreateVideo",
        "_meta": {
            "title": "创建视频"
        }
    },
    "1295": {
        "inputs": {
            "filename_prefix": "flying_cars_and_thor_battle",
            "format": "mp4",
            "codec": "h264",
            "video-preview": "",
            "video": [
                "1294",
                0
            ]
        },
        "class_type": "SaveVideo",
        "_meta": {
            "title": "保存视频"
        }
    },
    "1806": {
        "inputs": {
            "ckpt_name": "rife47.pth",
            "clear_cache_after_n_frames": 10,
            "multiplier": 3,
            "fast_mode": true,
            "ensemble": true,
            "scale_factor": 1,
            "frames": [
                "1807",
                0
            ]
        },
        "class_type": "RIFE VFI",
        "_meta": {
            "title": "RIFE VFI (recommend rife47 and rife49)"
        }
    },
    "1807": {
        "inputs": {
            "video": "passing_car.mp4",
            "force_rate": 0,
            "custom_width": 0,
            "custom_height": 0,
            "frame_load_cap": 0,
            "skip_first_frames": 0,
            "select_every_nth": 1,
            "format": "AnimateDiff"
        },
        "class_type": "VHS_LoadVideo",
        "_meta": {
            "title": "Load Video (Upload) 🎥🅥🅗🅢"
        }
    },
    "1808": {
        "inputs": {
            "frame_rate": 90,
            "loop_count": 0,
            "filename_prefix": "flying_cars_and_thor_battle",
            "format": "video/h264-mp4",
            "pix_fmt": "yuv420p",
            "crf": 19,
            "save_metadata": true,
            "trim_to_audio": false,
            "pingpong": false,
            "save_output": true,
            "images": [
                "1806",
                0
            ]
        },
        "class_type": "VHS_VideoCombine",
        "_meta": {
            "title": "Video Combine 🎥🅥🅗🅢"
        }
    }
}