{
    "6": {
        "inputs": {
            "text": "best quality, masterpiece, HDR, UHD, 8K, vibrant grassland with lush green grass, natural lighting, panoramic view, nature photography style",
            "clip": [
                "38",
                0
            ]
        },
        "class_type": "CLIPTextEncode",
        "_meta": {
            "title": "CLIP Text Encode (Positive Prompt)"
        }
    },
    "8": {
        "inputs": {
            "samples": [
                "31",
                0
            ],
            "vae": [
                "39",
                0
            ]
        },
        "class_type": "VAEDecode",
        "_meta": {
            "title": "VAE解码"
        }
    },
    "31": {
        "inputs": {
            "seed": 130963494109528,
            "steps": 20,
            "cfg": 1,
            "sampler_name": "euler",
            "scheduler": "simple",
            "denoise": 1,
            "model": [
                "37",
                0
            ],
            "positive": [
                "35",
                0
            ],
            "negative": [
                "135",
                0
            ],
            "latent_image": [
                "124",
                0
            ]
        },
        "class_type": "KSampler",
        "_meta": {
            "title": "K采样器"
        }
    },
    "35": {
        "inputs": {
            "guidance": 2.5,
            "conditioning": [
                "177",
                0
            ]
        },
        "class_type": "FluxGuidance",
        "_meta": {
            "title": "Flux引导"
        }
    },
    "37": {
        "inputs": {
            "unet_name": "flux1-dev-kontext_fp8_scaled.safetensors",
            "weight_dtype": "default"
        },
        "class_type": "UNETLoader",
        "_meta": {
            "title": "UNet加载器"
        }
    },
    "38": {
        "inputs": {
            "clip_name1": "clip_l.safetensors",
            "clip_name2": "t5xxl_fp8_e4m3fn_scaled.safetensors",
            "type": "flux",
            "device": "default"
        },
        "class_type": "DualCLIPLoader",
        "_meta": {
            "title": "双CLIP加载器"
        }
    },
    "39": {
        "inputs": {
            "vae_name": "ae.safetensors"
        },
        "class_type": "VAELoader",
        "_meta": {
            "title": "加载VAE"
        }
    },
    "42": {
        "inputs": {
            "image": [
                "189",
                0
            ]
        },
        "class_type": "FluxKontextImageScale",
        "_meta": {
            "title": "FluxKontextImageScale"
        }
    },
    "124": {
        "inputs": {
            "pixels": [
                "42",
                0
            ],
            "vae": [
                "39",
                0
            ]
        },
        "class_type": "VAEEncode",
        "_meta": {
            "title": "VAE编码"
        }
    },
    "135": {
        "inputs": {
            "conditioning": [
                "6",
                0
            ]
        },
        "class_type": "ConditioningZeroOut",
        "_meta": {
            "title": "条件零化"
        }
    },
    "136": {
        "inputs": {
            "filename_prefix": "grassland_style_cloning_and_image_extension",
            "images": [
                "8",
                0
            ]
        },
        "class_type": "SaveImage",
        "_meta": {
            "title": "保存图像"
        }
    },
    "177": {
        "inputs": {
            "conditioning": [
                "6",
                0
            ],
            "latent": [
                "124",
                0
            ]
        },
        "class_type": "ReferenceLatent",
        "_meta": {
            "title": "ReferenceLatent"
        }
    },
    "189": {
        "inputs": {
            "image": "large_grassland.png"
        },
        "class_type": "LoadImage",
        "_meta": {
            "title": "加载图像"
        }
    },
    "381": {
        "inputs": {
            "seed": 250239883019401,
            "steps": 20,
            "cfg": 7,
            "sampler_name": "dpmpp_2m",
            "scheduler": "karras",
            "denoise": 1,
            "model": [
                "407",
                0
            ],
            "positive": [
                "384",
                0
            ],
            "negative": [
                "385",
                0
            ],
            "latent_image": [
                "404",
                0
            ]
        },
        "class_type": "KSampler",
        "_meta": {
            "title": "K采样器"
        }
    },
    "384": {
        "inputs": {
            "text": "extend image horizontally 128 pixels, best quality, masterpiece, HDR, UHD, 8K, seamless extension, consistent lighting and style",
            "clip": [
                "407",
                1
            ]
        },
        "class_type": "CLIPTextEncode",
        "_meta": {
            "title": "CLIP文本编码"
        }
    },
    "385": {
        "inputs": {
            "text": "watermark, text",
            "clip": [
                "407",
                1
            ]
        },
        "class_type": "CLIPTextEncode",
        "_meta": {
            "title": "CLIP文本编码"
        }
    },
    "386": {
        "inputs": {
            "samples": [
                "381",
                0
            ],
            "vae": [
                "407",
                2
            ]
        },
        "class_type": "VAEDecode",
        "_meta": {
            "title": "VAE解码"
        }
    },
    "387": {
        "inputs": {
            "filename_prefix": "grassland_style_cloning_and_image_extension",
            "images": [
                "386",
                0
            ]
        },
        "class_type": "SaveImage",
        "_meta": {
            "title": "保存图像"
        }
    },
    "398": {
        "inputs": {
            "image": "large_grassland.png"
        },
        "class_type": "LoadImage",
        "_meta": {
            "title": "加载图像"
        }
    },
    "404": {
        "inputs": {
            "grow_mask_by": 10,
            "pixels": [
                "408",
                0
            ],
            "vae": [
                "407",
                2
            ],
            "mask": [
                "408",
                1
            ]
        },
        "class_type": "VAEEncodeForInpaint",
        "_meta": {
            "title": "VAE编码（局部重绘）"
        }
    },
    "407": {
        "inputs": {
            "ckpt_name": "512-inpainting-ema.ckpt"
        },
        "class_type": "CheckpointLoaderSimple",
        "_meta": {
            "title": "Checkpoint加载器（简易）"
        }
    },
    "408": {
        "inputs": {
            "left": 128,
            "top": 0,
            "right": 128,
            "bottom": 0,
            "feathering": 10,
            "image": [
                "8",
                0
            ]
        },
        "class_type": "ImagePadForOutpaint",
        "_meta": {
            "title": "外补画板"
        }
    }
}