{
    "1": {
        "inputs": {
            "model_name": "RealESRGAN_x2.pth"
        },
        "class_type": "UpscaleModelLoader",
        "_meta": {
            "title": "加载放大模型"
        }
    },
    "3": {
        "inputs": {
            "upscale_model": [
                "1",
                0
            ],
            "image": [
                "5",
                0
            ]
        },
        "class_type": "ImageUpscaleWithModel",
        "_meta": {
            "title": "使用模型放大图像"
        }
    },
    "5": {
        "inputs": {
            "video": "male_idol.mp4",
            "force_rate": 0,
            "custom_width": 0,
            "custom_height": 0,
            "frame_load_cap": 0,
            "skip_first_frames": 0,
            "select_every_nth": 1,
            "format": "AnimateDiff"
        },
        "class_type": "VHS_LoadVideo",
        "_meta": {
            "title": "Load Video (Upload) 🎥🅥🅗🅢"
        }
    },
    "11": {
        "inputs": {
            "frame_rate": 16,
            "loop_count": 0,
            "filename_prefix": "idol_upscaling_and_interpolation",
            "format": "video/h264-mp4",
            "lossless": true,
            "pingpong": false,
            "save_output": true,
            "images": [
                "3",
                0
            ]
        },
        "class_type": "VHS_VideoCombine",
        "_meta": {
            "title": "Video Combine 🎥🅥🅗🅢"
        }
    },
    "23": {
        "inputs": {
            "ckpt_name": "rife47.pth",
            "clear_cache_after_n_frames": 10,
            "multiplier": 2,
            "fast_mode": true,
            "ensemble": true,
            "scale_factor": 1,
            "frames": [
                "24",
                0
            ]
        },
        "class_type": "RIFE VFI",
        "_meta": {
            "title": "RIFE VFI (recommend rife47 and rife49)"
        }
    },
    "24": {
        "inputs": {
            "video": "male_idol.mp4",
            "force_rate": 0,
            "custom_width": 0,
            "custom_height": 0,
            "frame_load_cap": 0,
            "skip_first_frames": 0,
            "select_every_nth": 1,
            "format": "AnimateDiff"
        },
        "class_type": "VHS_LoadVideo",
        "_meta": {
            "title": "Load Video (Upload) 🎥🅥🅗🅢"
        }
    },
    "25": {
        "inputs": {
            "frame_rate": 60,
            "loop_count": 0,
            "filename_prefix": "idol_upscaling_and_interpolation",
            "format": "video/h264-mp4",
            "pix_fmt": "yuv420p",
            "crf": 19,
            "save_metadata": true,
            "trim_to_audio": false,
            "pingpong": false,
            "save_output": true,
            "images": [
                "23",
                0
            ]
        },
        "class_type": "VHS_VideoCombine",
        "_meta": {
            "title": "Video Combine 🎥🅥🅗🅢"
        }
    }
}