{
    "6": {
        "inputs": {
            "text": "Generate a religious war scene of Knights Templar charging during the Crusades, with shields and sword lights intersecting, best quality, masterpiece, HDR, UHD, 8K, realistic style",
            "clip": [
                "30",
                1
            ]
        },
        "class_type": "CLIPTextEncode",
        "_meta": {
            "title": "CLIP Text Encode (Positive Prompt)"
        }
    },
    "8": {
        "inputs": {
            "samples": [
                "31",
                0
            ],
            "vae": [
                "30",
                2
            ]
        },
        "class_type": "VAEDecode",
        "_meta": {
            "title": "VAE解码"
        }
    },
    "9": {
        "inputs": {
            "filename_prefix": "knights_templar_charge_and_volcano_mining_rebellion",
            "images": [
                "8",
                0
            ]
        },
        "class_type": "SaveImage",
        "_meta": {
            "title": "保存图像"
        }
    },
    "27": {
        "inputs": {
            "width": 1024,
            "height": 1024,
            "batch_size": 1
        },
        "class_type": "EmptySD3LatentImage",
        "_meta": {
            "title": "空Latent图像（SD3）"
        }
    },
    "30": {
        "inputs": {
            "ckpt_name": "flux1-dev-fp8.safetensors"
        },
        "class_type": "CheckpointLoaderSimple",
        "_meta": {
            "title": "Checkpoint加载器（简易）"
        }
    },
    "31": {
        "inputs": {
            "seed": 750176419460587,
            "steps": 20,
            "cfg": 1,
            "sampler_name": "euler",
            "scheduler": "simple",
            "denoise": 1,
            "model": [
                "30",
                0
            ],
            "positive": [
                "35",
                0
            ],
            "negative": [
                "33",
                0
            ],
            "latent_image": [
                "27",
                0
            ]
        },
        "class_type": "KSampler",
        "_meta": {
            "title": "K采样器"
        }
    },
    "33": {
        "inputs": {
            "text": "",
            "clip": [
                "30",
                1
            ]
        },
        "class_type": "CLIPTextEncode",
        "_meta": {
            "title": "CLIP Text Encode (Negative Prompt)"
        }
    },
    "35": {
        "inputs": {
            "guidance": 3.5,
            "conditioning": [
                "6",
                0
            ]
        },
        "class_type": "FluxGuidance",
        "_meta": {
            "title": "Flux引导"
        }
    },
    "41": {
        "inputs": {
            "text": "Draw a doomsday industrial scene of mining robots rebelling against human miners on a future volcanic planet, best quality, masterpiece, HDR, UHD, 8K, industrial style",
            "clip": [
                "65",
                1
            ]
        },
        "class_type": "CLIPTextEncode",
        "_meta": {
            "title": "CLIP Text Encode (Positive Prompt)"
        }
    },
    "43": {
        "inputs": {
            "samples": [
                "66",
                0
            ],
            "vae": [
                "65",
                2
            ]
        },
        "class_type": "VAEDecode",
        "_meta": {
            "title": "VAE解码"
        }
    },
    "44": {
        "inputs": {
            "filename_prefix": "knights_templar_charge_and_volcano_mining_rebellion",
            "images": [
                "43",
                0
            ]
        },
        "class_type": "SaveImage",
        "_meta": {
            "title": "保存图像"
        }
    },
    "62": {
        "inputs": {
            "width": 1024,
            "height": 1024,
            "batch_size": 1
        },
        "class_type": "EmptySD3LatentImage",
        "_meta": {
            "title": "空Latent图像（SD3）"
        }
    },
    "65": {
        "inputs": {
            "ckpt_name": "flux1-dev-fp8.safetensors"
        },
        "class_type": "CheckpointLoaderSimple",
        "_meta": {
            "title": "Checkpoint加载器（简易）"
        }
    },
    "66": {
        "inputs": {
            "seed": 750176419460587,
            "steps": 20,
            "cfg": 1,
            "sampler_name": "euler",
            "scheduler": "simple",
            "denoise": 1,
            "model": [
                "65",
                0
            ],
            "positive": [
                "70",
                0
            ],
            "negative": [
                "68",
                0
            ],
            "latent_image": [
                "62",
                0
            ]
        },
        "class_type": "KSampler",
        "_meta": {
            "title": "K采样器"
        }
    },
    "68": {
        "inputs": {
            "text": "",
            "clip": [
                "65",
                1
            ]
        },
        "class_type": "CLIPTextEncode",
        "_meta": {
            "title": "CLIP Text Encode (Negative Prompt)"
        }
    },
    "70": {
        "inputs": {
            "guidance": 3.5,
            "conditioning": [
                "41",
                0
            ]
        },
        "class_type": "FluxGuidance",
        "_meta": {
            "title": "Flux引导"
        }
    },
    "106": {
        "inputs": {
            "model_name": "RealESRGAN_x2.pth"
        },
        "class_type": "UpscaleModelLoader",
        "_meta": {
            "title": "加载放大模型"
        }
    },
    "107": {
        "inputs": {
            "image": "abnormal_hands.png"
        },
        "class_type": "LoadImage",
        "_meta": {
            "title": "加载图像"
        }
    },
    "108": {
        "inputs": {
            "upscale_model": [
                "106",
                0
            ],
            "image": [
                "8",
                0
            ]
        },
        "class_type": "ImageUpscaleWithModel",
        "_meta": {
            "title": "使用模型放大图像"
        }
    },
    "109": {
        "inputs": {
            "filename_prefix": "knights_templar_charge_and_volcano_mining_rebellion",
            "images": [
                "108",
                0
            ]
        },
        "class_type": "SaveImage",
        "_meta": {
            "title": "保存图像"
        }
    },
    "150": {
        "inputs": {
            "text": "Change the background of the volcano mining battlefield to a lava erupting mine, keep the subject in the exact same position and pose, best quality, masterpiece, HDR, UHD, 8K, industrial style",
            "clip": [
                "154",
                0
            ]
        },
        "class_type": "CLIPTextEncode",
        "_meta": {
            "title": "CLIP文本编码"
        }
    },
    "151": {
        "inputs": {
            "text": "deformed, blurry, over saturation, bad anatomy, disfigured, poorly drawn face, mutation, mutated, extra_limb, ugly, poorly drawn hands, fused fingers, messy drawing, broken legs censor, censored, censor_bar",
            "clip": [
                "154",
                0
            ]
        },
        "class_type": "CLIPTextEncode",
        "_meta": {
            "title": "CLIP文本编码"
        }
    },
    "152": {
        "inputs": {
            "samples": [
                "172",
                0
            ],
            "vae": [
                "157",
                0
            ]
        },
        "class_type": "VAEDecode",
        "_meta": {
            "title": "VAE解码"
        }
    },
    "153": {
        "inputs": {
            "filename_prefix": "knights_templar_charge_and_volcano_mining_rebellion",
            "images": [
                "152",
                0
            ]
        },
        "class_type": "SaveImage",
        "_meta": {
            "title": "保存图像"
        }
    },
    "154": {
        "inputs": {
            "clip_name": "qwen_2.5_vl_fp16.safetensors",
            "type": "omnigen2",
            "device": "default"
        },
        "class_type": "CLIPLoader",
        "_meta": {
            "title": "加载CLIP"
        }
    },
    "155": {
        "inputs": {
            "width": [
                "176",
                0
            ],
            "height": [
                "176",
                1
            ],
            "batch_size": 1
        },
        "class_type": "EmptySD3LatentImage",
        "_meta": {
            "title": "空Latent图像（SD3）"
        }
    },
    "156": {
        "inputs": {
            "unet_name": "omnigen2_fp16.safetensors",
            "weight_dtype": "default"
        },
        "class_type": "UNETLoader",
        "_meta": {
            "title": "UNet加载器"
        }
    },
    "157": {
        "inputs": {
            "vae_name": "ae.safetensors"
        },
        "class_type": "VAELoader",
        "_meta": {
            "title": "加载VAE"
        }
    },
    "158": {
        "inputs": {
            "pixels": [
                "161",
                0
            ],
            "vae": [
                "157",
                0
            ]
        },
        "class_type": "VAEEncode",
        "_meta": {
            "title": "VAE编码"
        }
    },
    "159": {
        "inputs": {
            "conditioning": [
                "150",
                0
            ],
            "latent": [
                "158",
                0
            ]
        },
        "class_type": "ReferenceLatent",
        "_meta": {
            "title": "ReferenceLatent"
        }
    },
    "160": {
        "inputs": {
            "image": "example.png"
        },
        "class_type": "LoadImage",
        "_meta": {
            "title": "加载图像"
        }
    },
    "161": {
        "inputs": {
            "upscale_method": "area",
            "megapixels": 1,
            "image": [
                "43",
                0
            ]
        },
        "class_type": "ImageScaleToTotalPixels",
        "_meta": {
            "title": "缩放图像（像素）"
        }
    },
    "164": {
        "inputs": {
            "sampler_name": "euler"
        },
        "class_type": "KSamplerSelect",
        "_meta": {
            "title": "K采样器选择"
        }
    },
    "165": {
        "inputs": {
            "noise_seed": 15531218161067
        },
        "class_type": "RandomNoise",
        "_meta": {
            "title": "随机噪波"
        }
    },
    "167": {
        "inputs": {
            "scheduler": "simple",
            "steps": 20,
            "denoise": 1,
            "model": [
                "156",
                0
            ]
        },
        "class_type": "BasicScheduler",
        "_meta": {
            "title": "基本调度器"
        }
    },
    "171": {
        "inputs": {
            "cfg_conds": 5,
            "cfg_cond2_negative": 2,
            "style": "regular",
            "model": [
                "156",
                0
            ],
            "cond1": [
                "159",
                0
            ],
            "cond2": [
                "159",
                0
            ],
            "negative": [
                "151",
                0
            ]
        },
        "class_type": "DualCFGGuider",
        "_meta": {
            "title": "双CFG引导器"
        }
    },
    "172": {
        "inputs": {
            "noise": [
                "165",
                0
            ],
            "guider": [
                "171",
                0
            ],
            "sampler": [
                "164",
                0
            ],
            "sigmas": [
                "167",
                0
            ],
            "latent_image": [
                "155",
                0
            ]
        },
        "class_type": "SamplerCustomAdvanced",
        "_meta": {
            "title": "自定义采样器（高级）"
        }
    },
    "173": {
        "inputs": {
            "conditioning": [
                "151",
                0
            ],
            "latent": [
                "158",
                0
            ]
        },
        "class_type": "ReferenceLatent",
        "_meta": {
            "title": "ReferenceLatent"
        }
    },
    "176": {
        "inputs": {
            "image": [
                "161",
                0
            ]
        },
        "class_type": "GetImageSize",
        "_meta": {
            "title": "Get Image Size"
        }
    },
    "285": {
        "inputs": {
            "seed": 456854031148357,
            "steps": 20,
            "cfg": 5,
            "sampler_name": "uni_pc",
            "scheduler": "simple",
            "denoise": 1,
            "model": [
                "330",
                0
            ],
            "positive": [
                "288",
                0
            ],
            "negative": [
                "289",
                0
            ],
            "latent_image": [
                "337",
                0
            ]
        },
        "class_type": "KSampler",
        "_meta": {
            "title": "K采样器"
        }
    },
    "288": {
        "inputs": {
            "text": "Convert the robot rebellion in the lava mine into a 3 - second high - definition video with increased frame rate and more intense magma splatter effects, best quality, masterpiece, HDR, UHD, 8K, industrial style",
            "clip": [
                "320",
                0
            ]
        },
        "class_type": "CLIPTextEncode",
        "_meta": {
            "title": "CLIP Text Encode (Positive Prompt)"
        }
    },
    "289": {
        "inputs": {
            "text": "色调艳丽，过曝，静态，细节模糊不清，字幕，风格，作品，画作，画面，静止，整体发灰，最差质量，低质量，JPEG压缩残留，丑陋的，残缺的，多余的手指，画得不好的手部，画得不好的脸部，畸形的，毁容的，形态畸形的肢体，手指融合，静止不动的画面，杂乱的背景，三条腿，背景人很多，倒着走",
            "clip": [
                "320",
                0
            ]
        },
        "class_type": "CLIPTextEncode",
        "_meta": {
            "title": "CLIP Text Encode (Negative Prompt)"
        }
    },
    "290": {
        "inputs": {
            "samples": [
                "285",
                0
            ],
            "vae": [
                "321",
                0
            ]
        },
        "class_type": "VAEDecode",
        "_meta": {
            "title": "VAE解码"
        }
    },
    "319": {
        "inputs": {
            "unet_name": "wan2.2_ti2v_5B_fp16.safetensors",
            "weight_dtype": "default"
        },
        "class_type": "UNETLoader",
        "_meta": {
            "title": "UNet加载器"
        }
    },
    "320": {
        "inputs": {
            "clip_name": "umt5_xxl_fp8_e4m3fn_scaled.safetensors",
            "type": "wan",
            "device": "default"
        },
        "class_type": "CLIPLoader",
        "_meta": {
            "title": "加载CLIP"
        }
    },
    "321": {
        "inputs": {
            "vae_name": "wan2.2_vae.safetensors"
        },
        "class_type": "VAELoader",
        "_meta": {
            "title": "加载VAE"
        }
    },
    "330": {
        "inputs": {
            "shift": 8,
            "model": [
                "319",
                0
            ]
        },
        "class_type": "ModelSamplingSD3",
        "_meta": {
            "title": "采样算法（SD3）"
        }
    },
    "337": {
        "inputs": {
            "width": 1280,
            "height": 704,
            "length": 73,
            "batch_size": 1,
            "vae": [
                "321",
                0
            ],
            "start_image": [
                "152",
                0
            ]
        },
        "class_type": "Wan22ImageToVideoLatent",
        "_meta": {
            "title": "Wan22ImageToVideoLatent"
        }
    },
    "338": {
        "inputs": {
            "image": "新对话.png"
        },
        "class_type": "LoadImage",
        "_meta": {
            "title": "加载图像"
        }
    },
    "339": {
        "inputs": {
            "fps": 24,
            "images": [
                "290",
                0
            ]
        },
        "class_type": "CreateVideo",
        "_meta": {
            "title": "创建视频"
        }
    },
    "340": {
        "inputs": {
            "filename_prefix": "knights_templar_charge_and_volcano_mining_rebellion",
            "format": "mp4",
            "codec": "h264",
            "video-preview": "",
            "video": [
                "339",
                0
            ]
        },
        "class_type": "SaveVideo",
        "_meta": {
            "title": "保存视频"
        }
    },
    "505": {
        "inputs": {
            "ckpt_name": "rife47.pth",
            "clear_cache_after_n_frames": 10,
            "multiplier": 3,
            "fast_mode": true,
            "ensemble": true,
            "scale_factor": 1,
            "frames": [
                "506",
                0
            ]
        },
        "class_type": "RIFE VFI",
        "_meta": {
            "title": "RIFE VFI (recommend rife47 and rife49)"
        }
    },
    "506": {
        "inputs": {
            "video": "passing_car.mp4",
            "force_rate": 0,
            "custom_width": 0,
            "custom_height": 0,
            "frame_load_cap": 0,
            "skip_first_frames": 0,
            "select_every_nth": 1,
            "format": "AnimateDiff"
        },
        "class_type": "VHS_LoadVideo",
        "_meta": {
            "title": "Load Video (Upload) 🎥🅥🅗🅢"
        }
    },
    "507": {
        "inputs": {
            "frame_rate": 90,
            "loop_count": 0,
            "filename_prefix": "knights_templar_charge_and_volcano_mining_rebellion",
            "format": "video/h264-mp4",
            "pix_fmt": "yuv420p",
            "crf": 19,
            "save_metadata": true,
            "trim_to_audio": false,
            "pingpong": false,
            "save_output": true,
            "images": [
                "505",
                0
            ]
        },
        "class_type": "VHS_VideoCombine",
        "_meta": {
            "title": "Video Combine 🎥🅥🅗🅢"
        }
    }
}