{
    "3": {
        "inputs": {
            "seed": 61004123595552,
            "steps": 20,
            "cfg": 5,
            "sampler_name": "uni_pc",
            "scheduler": "simple",
            "denoise": 1,
            "model": [
                "48",
                0
            ],
            "positive": [
                "6",
                0
            ],
            "negative": [
                "7",
                0
            ],
            "latent_image": [
                "55",
                0
            ]
        },
        "class_type": "KSampler",
        "_meta": {
            "title": "K采样器"
        }
    },
    "6": {
        "inputs": {
            "text": "best quality, masterpiece, HDR, 8K, a beautiful woman, natural face features, head turning motion, genuine smile, soft facial expression, cinematic lighting, smooth motion, portrait shot, professional photography style, natural ambient light, blurred background, realistic texture, high detail",
            "clip": [
                "38",
                0
            ]
        },
        "class_type": "CLIPTextEncode",
        "_meta": {
            "title": "CLIP Text Encode (Positive Prompt)"
        }
    },
    "7": {
        "inputs": {
            "text": "色调艳丽，过曝，静态，细节模糊不清，字幕，风格，作品，画作，画面，静止，整体发灰，最差质量，低质量，JPEG压缩残留，丑陋的，残缺的，多余的手指，画得不好的手部，画得不好的脸部，畸形的，毁容的，形态畸形的肢体，手指融合，静止不动的画面，杂乱的背景，三条腿，背景人很多，倒着走",
            "clip": [
                "38",
                0
            ]
        },
        "class_type": "CLIPTextEncode",
        "_meta": {
            "title": "CLIP Text Encode (Negative Prompt)"
        }
    },
    "8": {
        "inputs": {
            "samples": [
                "3",
                0
            ],
            "vae": [
                "39",
                0
            ]
        },
        "class_type": "VAEDecode",
        "_meta": {
            "title": "VAE解码"
        }
    },
    "37": {
        "inputs": {
            "unet_name": "wan2.2_ti2v_5B_fp16.safetensors",
            "weight_dtype": "default"
        },
        "class_type": "UNETLoader",
        "_meta": {
            "title": "UNet加载器"
        }
    },
    "38": {
        "inputs": {
            "clip_name": "umt5_xxl_fp8_e4m3fn_scaled.safetensors",
            "type": "wan",
            "device": "default"
        },
        "class_type": "CLIPLoader",
        "_meta": {
            "title": "加载CLIP"
        }
    },
    "39": {
        "inputs": {
            "vae_name": "wan2.2_vae.safetensors"
        },
        "class_type": "VAELoader",
        "_meta": {
            "title": "加载VAE"
        }
    },
    "48": {
        "inputs": {
            "shift": 8,
            "model": [
                "37",
                0
            ]
        },
        "class_type": "ModelSamplingSD3",
        "_meta": {
            "title": "采样算法（SD3）"
        }
    },
    "55": {
        "inputs": {
            "width": 1280,
            "height": 704,
            "length": 49,
            "batch_size": 1,
            "vae": [
                "39",
                0
            ],
            "start_image": [
                "56",
                0
            ]
        },
        "class_type": "Wan22ImageToVideoLatent",
        "_meta": {
            "title": "Wan22ImageToVideoLatent"
        }
    },
    "56": {
        "inputs": {
            "image": "old_photo.jpg"
        },
        "class_type": "LoadImage",
        "_meta": {
            "title": "加载图像"
        }
    },
    "57": {
        "inputs": {
            "fps": 24,
            "images": [
                "8",
                0
            ]
        },
        "class_type": "CreateVideo",
        "_meta": {
            "title": "创建视频"
        }
    },
    "58": {
        "inputs": {
            "filename_prefix": "old_photo_animation",
            "format": "mp4",
            "codec": "h264",
            "video-preview": "",
            "video": [
                "57",
                0
            ]
        },
        "class_type": "SaveVideo",
        "_meta": {
            "title": "保存视频"
        }
    }
}