{
    "6": {
        "inputs": {
            "text": "best quality, masterpiece, HDR, male basketball player in athletic outfit shooting basketball, indoor gymnasium environment, dynamic pose, professional sports lighting, cinematic shot, photorealistic style",
            "clip": [
                "30",
                1
            ]
        },
        "class_type": "CLIPTextEncode",
        "_meta": {
            "title": "CLIP Text Encode (Positive Prompt)"
        }
    },
    "8": {
        "inputs": {
            "samples": [
                "31",
                0
            ],
            "vae": [
                "30",
                2
            ]
        },
        "class_type": "VAEDecode",
        "_meta": {
            "title": "VAE解码"
        }
    },
    "9": {
        "inputs": {
            "filename_prefix": "player_generation_and_video_conversion",
            "images": [
                "8",
                0
            ]
        },
        "class_type": "SaveImage",
        "_meta": {
            "title": "保存图像"
        }
    },
    "27": {
        "inputs": {
            "width": 1024,
            "height": 1024,
            "batch_size": 1
        },
        "class_type": "EmptySD3LatentImage",
        "_meta": {
            "title": "空Latent图像（SD3）"
        }
    },
    "30": {
        "inputs": {
            "ckpt_name": "flux1-dev-fp8.safetensors"
        },
        "class_type": "CheckpointLoaderSimple",
        "_meta": {
            "title": "Checkpoint加载器（简易）"
        }
    },
    "31": {
        "inputs": {
            "seed": 750176419460587,
            "steps": 20,
            "cfg": 1,
            "sampler_name": "euler",
            "scheduler": "simple",
            "denoise": 1,
            "model": [
                "30",
                0
            ],
            "positive": [
                "35",
                0
            ],
            "negative": [
                "33",
                0
            ],
            "latent_image": [
                "27",
                0
            ]
        },
        "class_type": "KSampler",
        "_meta": {
            "title": "K采样器"
        }
    },
    "33": {
        "inputs": {
            "text": "",
            "clip": [
                "30",
                1
            ]
        },
        "class_type": "CLIPTextEncode",
        "_meta": {
            "title": "CLIP Text Encode (Negative Prompt)"
        }
    },
    "35": {
        "inputs": {
            "guidance": 3.5,
            "conditioning": [
                "6",
                0
            ]
        },
        "class_type": "FluxGuidance",
        "_meta": {
            "title": "Flux引导"
        }
    },
    "73": {
        "inputs": {
            "seed": 61004123595552,
            "steps": 20,
            "cfg": 5,
            "sampler_name": "uni_pc",
            "scheduler": "simple",
            "denoise": 1,
            "model": [
                "118",
                0
            ],
            "positive": [
                "76",
                0
            ],
            "negative": [
                "77",
                0
            ],
            "latent_image": [
                "125",
                0
            ]
        },
        "class_type": "KSampler",
        "_meta": {
            "title": "K采样器"
        }
    },
    "76": {
        "inputs": {
            "text": "a male athlete in basketball uniform shooting a basketball in gymnasium, fluid motion of basketball shot, indoor sports arena, overhead lighting, cinematic wide shot, dynamic sports atmosphere",
            "clip": [
                "108",
                0
            ]
        },
        "class_type": "CLIPTextEncode",
        "_meta": {
            "title": "CLIP Text Encode (Positive Prompt)"
        }
    },
    "77": {
        "inputs": {
            "text": "色调艳丽，过曝，静态，细节模糊不清，字幕，风格，作品，画作，画面，静止，整体发灰，最差质量，低质量，JPEG压缩残留，丑陋的，残缺的，多余的手指，画得不好的手部，画得不好的脸部，畸形的，毁容的，形态畸形的肢体，手指融合，静止不动的画面，杂乱的背景，三条腿，背景人很多，倒着走",
            "clip": [
                "108",
                0
            ]
        },
        "class_type": "CLIPTextEncode",
        "_meta": {
            "title": "CLIP Text Encode (Negative Prompt)"
        }
    },
    "78": {
        "inputs": {
            "samples": [
                "73",
                0
            ],
            "vae": [
                "109",
                0
            ]
        },
        "class_type": "VAEDecode",
        "_meta": {
            "title": "VAE解码"
        }
    },
    "107": {
        "inputs": {
            "unet_name": "wan2.2_ti2v_5B_fp16.safetensors",
            "weight_dtype": "default"
        },
        "class_type": "UNETLoader",
        "_meta": {
            "title": "UNet加载器"
        }
    },
    "108": {
        "inputs": {
            "clip_name": "umt5_xxl_fp8_e4m3fn_scaled.safetensors",
            "type": "wan",
            "device": "default"
        },
        "class_type": "CLIPLoader",
        "_meta": {
            "title": "加载CLIP"
        }
    },
    "109": {
        "inputs": {
            "vae_name": "wan2.2_vae.safetensors"
        },
        "class_type": "VAELoader",
        "_meta": {
            "title": "加载VAE"
        }
    },
    "118": {
        "inputs": {
            "shift": 8,
            "model": [
                "107",
                0
            ]
        },
        "class_type": "ModelSamplingSD3",
        "_meta": {
            "title": "采样算法（SD3）"
        }
    },
    "125": {
        "inputs": {
            "width": 1280,
            "height": 704,
            "length": 49,
            "batch_size": 1,
            "vae": [
                "109",
                0
            ],
            "start_image": [
                "8",
                0
            ]
        },
        "class_type": "Wan22ImageToVideoLatent",
        "_meta": {
            "title": "Wan22ImageToVideoLatent"
        }
    },
    "126": {
        "inputs": {
            "image": "新对话.png"
        },
        "class_type": "LoadImage",
        "_meta": {
            "title": "加载图像"
        }
    },
    "127": {
        "inputs": {
            "fps": 24,
            "images": [
                "78",
                0
            ]
        },
        "class_type": "CreateVideo",
        "_meta": {
            "title": "创建视频"
        }
    },
    "128": {
        "inputs": {
            "filename_prefix": "player_generation_and_video_conversion",
            "format": "mp4",
            "codec": "h264",
            "video-preview": "",
            "video": [
                "127",
                0
            ]
        },
        "class_type": "SaveVideo",
        "_meta": {
            "title": "保存视频"
        }
    }
}