{
    "6": {
        "inputs": {
            "text": "best quality, masterpiece, HDR, 8K, small village in winter, snow covered roofs and ground, smoke rising from chimneys, cozy atmosphere, detailed architecture, soft snowflakes, morning light, panoramic view, cinematic lighting",
            "clip": [
                "30",
                1
            ]
        },
        "class_type": "CLIPTextEncode",
        "_meta": {
            "title": "CLIP Text Encode (Positive Prompt)"
        }
    },
    "8": {
        "inputs": {
            "samples": [
                "31",
                0
            ],
            "vae": [
                "30",
                2
            ]
        },
        "class_type": "VAEDecode",
        "_meta": {
            "title": "VAE解码"
        }
    },
    "9": {
        "inputs": {
            "filename_prefix": "snowy_village",
            "images": [
                "8",
                0
            ]
        },
        "class_type": "SaveImage",
        "_meta": {
            "title": "保存图像"
        }
    },
    "27": {
        "inputs": {
            "width": 1024,
            "height": 1024,
            "batch_size": 1
        },
        "class_type": "EmptySD3LatentImage",
        "_meta": {
            "title": "空Latent图像（SD3）"
        }
    },
    "30": {
        "inputs": {
            "ckpt_name": "flux1-dev-fp8.safetensors"
        },
        "class_type": "CheckpointLoaderSimple",
        "_meta": {
            "title": "Checkpoint加载器（简易）"
        }
    },
    "31": {
        "inputs": {
            "seed": 750176419460587,
            "steps": 20,
            "cfg": 1,
            "sampler_name": "euler",
            "scheduler": "simple",
            "denoise": 1,
            "model": [
                "30",
                0
            ],
            "positive": [
                "35",
                0
            ],
            "negative": [
                "33",
                0
            ],
            "latent_image": [
                "27",
                0
            ]
        },
        "class_type": "KSampler",
        "_meta": {
            "title": "K采样器"
        }
    },
    "33": {
        "inputs": {
            "text": "",
            "clip": [
                "30",
                1
            ]
        },
        "class_type": "CLIPTextEncode",
        "_meta": {
            "title": "CLIP Text Encode (Negative Prompt)"
        }
    },
    "35": {
        "inputs": {
            "guidance": 3.5,
            "conditioning": [
                "6",
                0
            ]
        },
        "class_type": "FluxGuidance",
        "_meta": {
            "title": "Flux引导"
        }
    }
}