{
    "6": {
        "inputs": {
            "text": "Generate an image of a lively night market in Southern China during the Song Dynasty, showing vendors and customers trading.",
            "clip": [
                "30",
                1
            ]
        },
        "class_type": "CLIPTextEncode",
        "_meta": {
            "title": "CLIP Text Encode (Positive Prompt)"
        }
    },
    "8": {
        "inputs": {
            "samples": [
                "31",
                0
            ],
            "vae": [
                "30",
                2
            ]
        },
        "class_type": "VAEDecode",
        "_meta": {
            "title": "VAE解码"
        }
    },
    "9": {
        "inputs": {
            "filename_prefix": "song_dynasty_night_market_and_space_station",
            "images": [
                "8",
                0
            ]
        },
        "class_type": "SaveImage",
        "_meta": {
            "title": "保存图像"
        }
    },
    "27": {
        "inputs": {
            "width": 1024,
            "height": 1024,
            "batch_size": 1
        },
        "class_type": "EmptySD3LatentImage",
        "_meta": {
            "title": "空Latent图像（SD3）"
        }
    },
    "30": {
        "inputs": {
            "ckpt_name": "flux1-dev-fp8.safetensors"
        },
        "class_type": "CheckpointLoaderSimple",
        "_meta": {
            "title": "Checkpoint加载器（简易）"
        }
    },
    "31": {
        "inputs": {
            "seed": 750176419460587,
            "steps": 20,
            "cfg": 1,
            "sampler_name": "euler",
            "scheduler": "simple",
            "denoise": 1,
            "model": [
                "30",
                0
            ],
            "positive": [
                "35",
                0
            ],
            "negative": [
                "33",
                0
            ],
            "latent_image": [
                "27",
                0
            ]
        },
        "class_type": "KSampler",
        "_meta": {
            "title": "K采样器"
        }
    },
    "33": {
        "inputs": {
            "text": "",
            "clip": [
                "30",
                1
            ]
        },
        "class_type": "CLIPTextEncode",
        "_meta": {
            "title": "CLIP Text Encode (Negative Prompt)"
        }
    },
    "35": {
        "inputs": {
            "guidance": 3.5,
            "conditioning": [
                "6",
                0
            ]
        },
        "class_type": "FluxGuidance",
        "_meta": {
            "title": "Flux引导"
        }
    },
    "41": {
        "inputs": {
            "text": "Generate an image of astronauts repairing equipment in a space station.",
            "clip": [
                "65",
                1
            ]
        },
        "class_type": "CLIPTextEncode",
        "_meta": {
            "title": "CLIP Text Encode (Positive Prompt)"
        }
    },
    "43": {
        "inputs": {
            "samples": [
                "66",
                0
            ],
            "vae": [
                "65",
                2
            ]
        },
        "class_type": "VAEDecode",
        "_meta": {
            "title": "VAE解码"
        }
    },
    "44": {
        "inputs": {
            "filename_prefix": "song_dynasty_night_market_and_space_station",
            "images": [
                "43",
                0
            ]
        },
        "class_type": "SaveImage",
        "_meta": {
            "title": "保存图像"
        }
    },
    "62": {
        "inputs": {
            "width": 1024,
            "height": 1024,
            "batch_size": 1
        },
        "class_type": "EmptySD3LatentImage",
        "_meta": {
            "title": "空Latent图像（SD3）"
        }
    },
    "65": {
        "inputs": {
            "ckpt_name": "flux1-dev-fp8.safetensors"
        },
        "class_type": "CheckpointLoaderSimple",
        "_meta": {
            "title": "Checkpoint加载器（简易）"
        }
    },
    "66": {
        "inputs": {
            "seed": 750176419460587,
            "steps": 20,
            "cfg": 1,
            "sampler_name": "euler",
            "scheduler": "simple",
            "denoise": 1,
            "model": [
                "65",
                0
            ],
            "positive": [
                "70",
                0
            ],
            "negative": [
                "68",
                0
            ],
            "latent_image": [
                "62",
                0
            ]
        },
        "class_type": "KSampler",
        "_meta": {
            "title": "K采样器"
        }
    },
    "68": {
        "inputs": {
            "text": "",
            "clip": [
                "65",
                1
            ]
        },
        "class_type": "CLIPTextEncode",
        "_meta": {
            "title": "CLIP Text Encode (Negative Prompt)"
        }
    },
    "70": {
        "inputs": {
            "guidance": 3.5,
            "conditioning": [
                "41",
                0
            ]
        },
        "class_type": "FluxGuidance",
        "_meta": {
            "title": "Flux引导"
        }
    },
    "106": {
        "inputs": {
            "model_name": "RealESRGAN_x4.pth"
        },
        "class_type": "UpscaleModelLoader",
        "_meta": {
            "title": "加载放大模型"
        }
    },
    "107": {
        "inputs": {
            "image": "abnormal_hands.png"
        },
        "class_type": "LoadImage",
        "_meta": {
            "title": "加载图像"
        }
    },
    "108": {
        "inputs": {
            "upscale_model": [
                "106",
                0
            ],
            "image": [
                "8",
                0
            ]
        },
        "class_type": "ImageUpscaleWithModel",
        "_meta": {
            "title": "使用模型放大图像"
        }
    },
    "109": {
        "inputs": {
            "filename_prefix": "song_dynasty_night_market_and_space_station",
            "images": [
                "108",
                0
            ]
        },
        "class_type": "SaveImage",
        "_meta": {
            "title": "保存图像"
        }
    },
    "150": {
        "inputs": {
            "text": "Change the background of the space station scene to a Mars colony appearance, keep the astronauts in the exact same position, scale, and pose.",
            "clip": [
                "182",
                0
            ]
        },
        "class_type": "CLIPTextEncode",
        "_meta": {
            "title": "CLIP Text Encode (Positive Prompt)"
        }
    },
    "152": {
        "inputs": {
            "samples": [
                "175",
                0
            ],
            "vae": [
                "183",
                0
            ]
        },
        "class_type": "VAEDecode",
        "_meta": {
            "title": "VAE解码"
        }
    },
    "175": {
        "inputs": {
            "seed": 130963494109528,
            "steps": 20,
            "cfg": 1,
            "sampler_name": "euler",
            "scheduler": "simple",
            "denoise": 1,
            "model": [
                "181",
                0
            ],
            "positive": [
                "179",
                0
            ],
            "negative": [
                "279",
                0
            ],
            "latent_image": [
                "268",
                0
            ]
        },
        "class_type": "KSampler",
        "_meta": {
            "title": "K采样器"
        }
    },
    "179": {
        "inputs": {
            "guidance": 2.5,
            "conditioning": [
                "321",
                0
            ]
        },
        "class_type": "FluxGuidance",
        "_meta": {
            "title": "Flux引导"
        }
    },
    "181": {
        "inputs": {
            "unet_name": "flux1-dev-kontext_fp8_scaled.safetensors",
            "weight_dtype": "default"
        },
        "class_type": "UNETLoader",
        "_meta": {
            "title": "UNet加载器"
        }
    },
    "182": {
        "inputs": {
            "clip_name1": "clip_l.safetensors",
            "clip_name2": "t5xxl_fp8_e4m3fn_scaled.safetensors",
            "type": "flux",
            "device": "default"
        },
        "class_type": "DualCLIPLoader",
        "_meta": {
            "title": "双CLIP加载器"
        }
    },
    "183": {
        "inputs": {
            "vae_name": "ae.safetensors"
        },
        "class_type": "VAELoader",
        "_meta": {
            "title": "加载VAE"
        }
    },
    "186": {
        "inputs": {
            "image": [
                "43",
                0
            ]
        },
        "class_type": "FluxKontextImageScale",
        "_meta": {
            "title": "FluxKontextImageScale"
        }
    },
    "268": {
        "inputs": {
            "pixels": [
                "186",
                0
            ],
            "vae": [
                "183",
                0
            ]
        },
        "class_type": "VAEEncode",
        "_meta": {
            "title": "VAE编码"
        }
    },
    "279": {
        "inputs": {
            "conditioning": [
                "150",
                0
            ]
        },
        "class_type": "ConditioningZeroOut",
        "_meta": {
            "title": "条件零化"
        }
    },
    "280": {
        "inputs": {
            "filename_prefix": "song_dynasty_night_market_and_space_station",
            "images": [
                "152",
                0
            ]
        },
        "class_type": "SaveImage",
        "_meta": {
            "title": "保存图像"
        }
    },
    "321": {
        "inputs": {
            "conditioning": [
                "150",
                0
            ],
            "latent": [
                "268",
                0
            ]
        },
        "class_type": "ReferenceLatent",
        "_meta": {
            "title": "ReferenceLatent"
        }
    },
    "333": {
        "inputs": {
            "image": "yellow_race.png"
        },
        "class_type": "LoadImage",
        "_meta": {
            "title": "加载图像"
        }
    },
    "599": {
        "inputs": {
            "seed": 61004123595552,
            "steps": 20,
            "cfg": 5,
            "sampler_name": "uni_pc",
            "scheduler": "simple",
            "denoise": 1,
            "model": [
                "644",
                0
            ],
            "positive": [
                "602",
                0
            ],
            "negative": [
                "603",
                0
            ],
            "latent_image": [
                "651",
                0
            ]
        },
        "class_type": "KSampler",
        "_meta": {
            "title": "K采样器"
        }
    },
    "602": {
        "inputs": {
            "text": "Convert the Mars colony scene into a 2 - second high - definition video with accelerated astronaut movements.",
            "clip": [
                "634",
                0
            ]
        },
        "class_type": "CLIPTextEncode",
        "_meta": {
            "title": "CLIP Text Encode (Positive Prompt)"
        }
    },
    "603": {
        "inputs": {
            "text": "色调艳丽，过曝，静态，细节模糊不清，字幕，风格，作品，画作，画面，静止，整体发灰，最差质量，低质量，JPEG压缩残留，丑陋的，残缺的，多余的手指，画得不好的手部，画得不好的脸部，畸形的，毁容的，形态畸形的肢体，手指融合，静止不动的画面，杂乱的背景，三条腿，背景人很多，倒着走",
            "clip": [
                "634",
                0
            ]
        },
        "class_type": "CLIPTextEncode",
        "_meta": {
            "title": "CLIP Text Encode (Negative Prompt)"
        }
    },
    "604": {
        "inputs": {
            "samples": [
                "599",
                0
            ],
            "vae": [
                "635",
                0
            ]
        },
        "class_type": "VAEDecode",
        "_meta": {
            "title": "VAE解码"
        }
    },
    "633": {
        "inputs": {
            "unet_name": "wan2.2_ti2v_5B_fp16.safetensors",
            "weight_dtype": "default"
        },
        "class_type": "UNETLoader",
        "_meta": {
            "title": "UNet加载器"
        }
    },
    "634": {
        "inputs": {
            "clip_name": "umt5_xxl_fp8_e4m3fn_scaled.safetensors",
            "type": "wan",
            "device": "default"
        },
        "class_type": "CLIPLoader",
        "_meta": {
            "title": "加载CLIP"
        }
    },
    "635": {
        "inputs": {
            "vae_name": "wan2.2_vae.safetensors"
        },
        "class_type": "VAELoader",
        "_meta": {
            "title": "加载VAE"
        }
    },
    "644": {
        "inputs": {
            "shift": 8,
            "model": [
                "633",
                0
            ]
        },
        "class_type": "ModelSamplingSD3",
        "_meta": {
            "title": "采样算法（SD3）"
        }
    },
    "651": {
        "inputs": {
            "width": 1280,
            "height": 704,
            "length": 49,
            "batch_size": 1,
            "vae": [
                "635",
                0
            ],
            "start_image": [
                "152",
                0
            ]
        },
        "class_type": "Wan22ImageToVideoLatent",
        "_meta": {
            "title": "Wan22ImageToVideoLatent"
        }
    },
    "652": {
        "inputs": {
            "image": "新对话.png"
        },
        "class_type": "LoadImage",
        "_meta": {
            "title": "加载图像"
        }
    },
    "653": {
        "inputs": {
            "fps": 24,
            "images": [
                "604",
                0
            ]
        },
        "class_type": "CreateVideo",
        "_meta": {
            "title": "创建视频"
        }
    },
    "654": {
        "inputs": {
            "filename_prefix": "song_dynasty_night_market_and_space_station",
            "format": "mp4",
            "codec": "h264",
            "video-preview": "",
            "video": [
                "653",
                0
            ]
        },
        "class_type": "SaveVideo",
        "_meta": {
            "title": "保存视频"
        }
    }
}