{
    "6": {
        "inputs": {
            "text": "First convert it into a portrait in a large hall while keeping other details, best quality, masterpiece, HDR, UHD, 8K, cinematic lighting, detailed architecture, grand interior, professional photography",
            "clip": [
                "10",
                0
            ]
        },
        "class_type": "CLIPTextEncode",
        "_meta": {
            "title": "CLIP文本编码"
        }
    },
    "7": {
        "inputs": {
            "text": "deformed, blurry, over saturation, bad anatomy, disfigured, poorly drawn face, mutation, mutated, extra_limb, ugly, poorly drawn hands, fused fingers, messy drawing, broken legs censor, censored, censor_bar",
            "clip": [
                "10",
                0
            ]
        },
        "class_type": "CLIPTextEncode",
        "_meta": {
            "title": "CLIP文本编码"
        }
    },
    "8": {
        "inputs": {
            "samples": [
                "28",
                0
            ],
            "vae": [
                "13",
                0
            ]
        },
        "class_type": "VAEDecode",
        "_meta": {
            "title": "VAE解码"
        }
    },
    "9": {
        "inputs": {
            "filename_prefix": "woman_portrait_conversion_and_image_extension_and_upscaling",
            "images": [
                "8",
                0
            ]
        },
        "class_type": "SaveImage",
        "_meta": {
            "title": "保存图像"
        }
    },
    "10": {
        "inputs": {
            "clip_name": "qwen_2.5_vl_fp16.safetensors",
            "type": "omnigen2",
            "device": "default"
        },
        "class_type": "CLIPLoader",
        "_meta": {
            "title": "加载CLIP"
        }
    },
    "11": {
        "inputs": {
            "width": [
                "32",
                0
            ],
            "height": [
                "32",
                1
            ],
            "batch_size": 1
        },
        "class_type": "EmptySD3LatentImage",
        "_meta": {
            "title": "空Latent图像（SD3）"
        }
    },
    "12": {
        "inputs": {
            "unet_name": "omnigen2_fp16.safetensors",
            "weight_dtype": "default"
        },
        "class_type": "UNETLoader",
        "_meta": {
            "title": "UNet加载器"
        }
    },
    "13": {
        "inputs": {
            "vae_name": "ae.safetensors"
        },
        "class_type": "VAELoader",
        "_meta": {
            "title": "加载VAE"
        }
    },
    "14": {
        "inputs": {
            "pixels": [
                "17",
                0
            ],
            "vae": [
                "13",
                0
            ]
        },
        "class_type": "VAEEncode",
        "_meta": {
            "title": "VAE编码"
        }
    },
    "15": {
        "inputs": {
            "conditioning": [
                "6",
                0
            ],
            "latent": [
                "14",
                0
            ]
        },
        "class_type": "ReferenceLatent",
        "_meta": {
            "title": "ReferenceLatent"
        }
    },
    "16": {
        "inputs": {
            "image": "woman_photo.jpg"
        },
        "class_type": "LoadImage",
        "_meta": {
            "title": "加载图像"
        }
    },
    "17": {
        "inputs": {
            "upscale_method": "area",
            "megapixels": 1,
            "image": [
                "16",
                0
            ]
        },
        "class_type": "ImageScaleToTotalPixels",
        "_meta": {
            "title": "缩放图像（像素）"
        }
    },
    "20": {
        "inputs": {
            "sampler_name": "euler"
        },
        "class_type": "KSamplerSelect",
        "_meta": {
            "title": "K采样器选择"
        }
    },
    "21": {
        "inputs": {
            "noise_seed": 15531218161067
        },
        "class_type": "RandomNoise",
        "_meta": {
            "title": "随机噪波"
        }
    },
    "23": {
        "inputs": {
            "scheduler": "simple",
            "steps": 20,
            "denoise": 1,
            "model": [
                "12",
                0
            ]
        },
        "class_type": "BasicScheduler",
        "_meta": {
            "title": "基本调度器"
        }
    },
    "27": {
        "inputs": {
            "cfg_conds": 5,
            "cfg_cond2_negative": 2,
            "style": "regular",
            "model": [
                "12",
                0
            ],
            "cond1": [
                "15",
                0
            ],
            "cond2": [
                "15",
                0
            ],
            "negative": [
                "7",
                0
            ]
        },
        "class_type": "DualCFGGuider",
        "_meta": {
            "title": "双CFG引导器"
        }
    },
    "28": {
        "inputs": {
            "noise": [
                "21",
                0
            ],
            "guider": [
                "27",
                0
            ],
            "sampler": [
                "20",
                0
            ],
            "sigmas": [
                "23",
                0
            ],
            "latent_image": [
                "11",
                0
            ]
        },
        "class_type": "SamplerCustomAdvanced",
        "_meta": {
            "title": "自定义采样器（高级）"
        }
    },
    "29": {
        "inputs": {
            "conditioning": [
                "7",
                0
            ],
            "latent": [
                "14",
                0
            ]
        },
        "class_type": "ReferenceLatent",
        "_meta": {
            "title": "ReferenceLatent"
        }
    },
    "32": {
        "inputs": {
            "image": [
                "17",
                0
            ]
        },
        "class_type": "GetImageSize",
        "_meta": {
            "title": "Get Image Size"
        }
    },
    "67": {
        "inputs": {
            "seed": 250239883019401,
            "steps": 20,
            "cfg": 7,
            "sampler_name": "dpmpp_2m",
            "scheduler": "karras",
            "denoise": 1,
            "model": [
                "93",
                0
            ],
            "positive": [
                "70",
                0
            ],
            "negative": [
                "71",
                0
            ],
            "latent_image": [
                "90",
                0
            ]
        },
        "class_type": "KSampler",
        "_meta": {
            "title": "K采样器"
        }
    },
    "70": {
        "inputs": {
            "text": "Then extend the image by 128 pixels on both the left and right sides, best quality, masterpiece, HDR, UHD, 8K, seamless extension, consistent lighting, matching architectural details",
            "clip": [
                "93",
                1
            ]
        },
        "class_type": "CLIPTextEncode",
        "_meta": {
            "title": "CLIP文本编码"
        }
    },
    "71": {
        "inputs": {
            "text": "watermark, text",
            "clip": [
                "93",
                1
            ]
        },
        "class_type": "CLIPTextEncode",
        "_meta": {
            "title": "CLIP文本编码"
        }
    },
    "72": {
        "inputs": {
            "samples": [
                "67",
                0
            ],
            "vae": [
                "93",
                2
            ]
        },
        "class_type": "VAEDecode",
        "_meta": {
            "title": "VAE解码"
        }
    },
    "73": {
        "inputs": {
            "filename_prefix": "woman_portrait_conversion_and_image_extension_and_upscaling",
            "images": [
                "72",
                0
            ]
        },
        "class_type": "SaveImage",
        "_meta": {
            "title": "保存图像"
        }
    },
    "84": {
        "inputs": {
            "image": "woman_photo.jpg"
        },
        "class_type": "LoadImage",
        "_meta": {
            "title": "加载图像"
        }
    },
    "90": {
        "inputs": {
            "grow_mask_by": 10,
            "pixels": [
                "94",
                0
            ],
            "vae": [
                "93",
                2
            ],
            "mask": [
                "94",
                1
            ]
        },
        "class_type": "VAEEncodeForInpaint",
        "_meta": {
            "title": "VAE编码（局部重绘）"
        }
    },
    "93": {
        "inputs": {
            "ckpt_name": "512-inpainting-ema.ckpt"
        },
        "class_type": "CheckpointLoaderSimple",
        "_meta": {
            "title": "Checkpoint加载器（简易）"
        }
    },
    "94": {
        "inputs": {
            "left": 128,
            "top": 0,
            "right": 128,
            "bottom": 0,
            "feathering": 10,
            "image": [
                "8",
                0
            ]
        },
        "class_type": "ImagePadForOutpaint",
        "_meta": {
            "title": "外补画板"
        }
    },
    "157": {
        "inputs": {
            "model_name": "RealESRGAN_x2.pth"
        },
        "class_type": "UpscaleModelLoader",
        "_meta": {
            "title": "加载放大模型"
        }
    },
    "158": {
        "inputs": {
            "image": "woman_photo.jpg"
        },
        "class_type": "LoadImage",
        "_meta": {
            "title": "加载图像"
        }
    },
    "159": {
        "inputs": {
            "upscale_model": [
                "157",
                0
            ],
            "image": [
                "72",
                0
            ]
        },
        "class_type": "ImageUpscaleWithModel",
        "_meta": {
            "title": "使用模型放大图像"
        }
    },
    "160": {
        "inputs": {
            "filename_prefix": "woman_portrait_conversion_and_image_extension_and_upscaling",
            "images": [
                "159",
                0
            ]
        },
        "class_type": "SaveImage",
        "_meta": {
            "title": "保存图像"
        }
    }
}