{
    "6": {
        "inputs": {
            "text": "convert it(woman photo) into a portrait in a large hall while keeping other details, best quality, masterpiece, HDR, 8K, portrait in a large hall, cinematic lighting, panoramic view",
            "clip": [
                "10",
                0
            ]
        },
        "class_type": "CLIPTextEncode",
        "_meta": {
            "title": "CLIP文本编码"
        }
    },
    "7": {
        "inputs": {
            "text": "deformed, blurry, over saturation, bad anatomy, disfigured, poorly drawn face, mutation, mutated, extra_limb, ugly, poorly drawn hands, fused fingers, messy drawing, broken legs censor, censored, censor_bar",
            "clip": [
                "10",
                0
            ]
        },
        "class_type": "CLIPTextEncode",
        "_meta": {
            "title": "CLIP文本编码"
        }
    },
    "8": {
        "inputs": {
            "samples": [
                "28",
                0
            ],
            "vae": [
                "13",
                0
            ]
        },
        "class_type": "VAEDecode",
        "_meta": {
            "title": "VAE解码"
        }
    },
    "9": {
        "inputs": {
            "filename_prefix": "woman_portrait_conversion_and_video_conversion",
            "images": [
                "8",
                0
            ]
        },
        "class_type": "SaveImage",
        "_meta": {
            "title": "保存图像"
        }
    },
    "10": {
        "inputs": {
            "clip_name": "qwen_2.5_vl_fp16.safetensors",
            "type": "omnigen2",
            "device": "default"
        },
        "class_type": "CLIPLoader",
        "_meta": {
            "title": "加载CLIP"
        }
    },
    "11": {
        "inputs": {
            "width": [
                "32",
                0
            ],
            "height": [
                "32",
                1
            ],
            "batch_size": 1
        },
        "class_type": "EmptySD3LatentImage",
        "_meta": {
            "title": "空Latent图像（SD3）"
        }
    },
    "12": {
        "inputs": {
            "unet_name": "omnigen2_fp16.safetensors",
            "weight_dtype": "default"
        },
        "class_type": "UNETLoader",
        "_meta": {
            "title": "UNet加载器"
        }
    },
    "13": {
        "inputs": {
            "vae_name": "ae.safetensors"
        },
        "class_type": "VAELoader",
        "_meta": {
            "title": "加载VAE"
        }
    },
    "14": {
        "inputs": {
            "pixels": [
                "17",
                0
            ],
            "vae": [
                "13",
                0
            ]
        },
        "class_type": "VAEEncode",
        "_meta": {
            "title": "VAE编码"
        }
    },
    "15": {
        "inputs": {
            "conditioning": [
                "6",
                0
            ],
            "latent": [
                "14",
                0
            ]
        },
        "class_type": "ReferenceLatent",
        "_meta": {
            "title": "ReferenceLatent"
        }
    },
    "16": {
        "inputs": {
            "image": "woman_photo.jpg"
        },
        "class_type": "LoadImage",
        "_meta": {
            "title": "加载图像"
        }
    },
    "17": {
        "inputs": {
            "upscale_method": "area",
            "megapixels": 1,
            "image": [
                "16",
                0
            ]
        },
        "class_type": "ImageScaleToTotalPixels",
        "_meta": {
            "title": "缩放图像（像素）"
        }
    },
    "20": {
        "inputs": {
            "sampler_name": "euler"
        },
        "class_type": "KSamplerSelect",
        "_meta": {
            "title": "K采样器选择"
        }
    },
    "21": {
        "inputs": {
            "noise_seed": 15531218161067
        },
        "class_type": "RandomNoise",
        "_meta": {
            "title": "随机噪波"
        }
    },
    "23": {
        "inputs": {
            "scheduler": "simple",
            "steps": 20,
            "denoise": 1,
            "model": [
                "12",
                0
            ]
        },
        "class_type": "BasicScheduler",
        "_meta": {
            "title": "基本调度器"
        }
    },
    "27": {
        "inputs": {
            "cfg_conds": 5,
            "cfg_cond2_negative": 2,
            "style": "regular",
            "model": [
                "12",
                0
            ],
            "cond1": [
                "15",
                0
            ],
            "cond2": [
                "15",
                0
            ],
            "negative": [
                "7",
                0
            ]
        },
        "class_type": "DualCFGGuider",
        "_meta": {
            "title": "双CFG引导器"
        }
    },
    "28": {
        "inputs": {
            "noise": [
                "21",
                0
            ],
            "guider": [
                "27",
                0
            ],
            "sampler": [
                "20",
                0
            ],
            "sigmas": [
                "23",
                0
            ],
            "latent_image": [
                "11",
                0
            ]
        },
        "class_type": "SamplerCustomAdvanced",
        "_meta": {
            "title": "自定义采样器（高级）"
        }
    },
    "29": {
        "inputs": {
            "conditioning": [
                "7",
                0
            ],
            "latent": [
                "14",
                0
            ]
        },
        "class_type": "ReferenceLatent",
        "_meta": {
            "title": "ReferenceLatent"
        }
    },
    "32": {
        "inputs": {
            "image": [
                "17",
                0
            ]
        },
        "class_type": "GetImageSize",
        "_meta": {
            "title": "Get Image Size"
        }
    },
    "67": {
        "inputs": {
            "seed": 61004123595552,
            "steps": 20,
            "cfg": 5,
            "sampler_name": "uni_pc",
            "scheduler": "simple",
            "denoise": 1,
            "model": [
                "112",
                0
            ],
            "positive": [
                "70",
                0
            ],
            "negative": [
                "71",
                0
            ],
            "latent_image": [
                "119",
                0
            ]
        },
        "class_type": "KSampler",
        "_meta": {
            "title": "K采样器"
        }
    },
    "70": {
        "inputs": {
            "text": "convert it(the portrait) into a 2-second video, portrait in large hall, static camera, smooth motion, cinematic lighting, soft ambient light, depth of field, cinematic atmosphere",
            "clip": [
                "102",
                0
            ]
        },
        "class_type": "CLIPTextEncode",
        "_meta": {
            "title": "CLIP Text Encode (Positive Prompt)"
        }
    },
    "71": {
        "inputs": {
            "text": "色调艳丽，过曝，静态，细节模糊不清，字幕，风格，作品，画作，画面，静止，整体发灰，最差质量，低质量，JPEG压缩残留，丑陋的，残缺的，多余的手指，画得不好的手部，画得不好的脸部，畸形的，毁容的，形态畸形的肢体，手指融合，静止不动的画面，杂乱的背景，三条腿，背景人很多，倒着走",
            "clip": [
                "102",
                0
            ]
        },
        "class_type": "CLIPTextEncode",
        "_meta": {
            "title": "CLIP Text Encode (Negative Prompt)"
        }
    },
    "72": {
        "inputs": {
            "samples": [
                "67",
                0
            ],
            "vae": [
                "103",
                0
            ]
        },
        "class_type": "VAEDecode",
        "_meta": {
            "title": "VAE解码"
        }
    },
    "101": {
        "inputs": {
            "unet_name": "wan2.2_ti2v_5B_fp16.safetensors",
            "weight_dtype": "default"
        },
        "class_type": "UNETLoader",
        "_meta": {
            "title": "UNet加载器"
        }
    },
    "102": {
        "inputs": {
            "clip_name": "umt5_xxl_fp8_e4m3fn_scaled.safetensors",
            "type": "wan",
            "device": "default"
        },
        "class_type": "CLIPLoader",
        "_meta": {
            "title": "加载CLIP"
        }
    },
    "103": {
        "inputs": {
            "vae_name": "wan2.2_vae.safetensors"
        },
        "class_type": "VAELoader",
        "_meta": {
            "title": "加载VAE"
        }
    },
    "112": {
        "inputs": {
            "shift": 8,
            "model": [
                "101",
                0
            ]
        },
        "class_type": "ModelSamplingSD3",
        "_meta": {
            "title": "采样算法（SD3）"
        }
    },
    "119": {
        "inputs": {
            "width": 1280,
            "height": 704,
            "length": 49,
            "batch_size": 1,
            "vae": [
                "103",
                0
            ],
            "start_image": [
                "8",
                0
            ]
        },
        "class_type": "Wan22ImageToVideoLatent",
        "_meta": {
            "title": "Wan22ImageToVideoLatent"
        }
    },
    "120": {
        "inputs": {
            "image": "woman_photo.jpg"
        },
        "class_type": "LoadImage",
        "_meta": {
            "title": "加载图像"
        }
    },
    "121": {
        "inputs": {
            "fps": 24,
            "images": [
                "72",
                0
            ]
        },
        "class_type": "CreateVideo",
        "_meta": {
            "title": "创建视频"
        }
    },
    "122": {
        "inputs": {
            "filename_prefix": "woman_portrait_conversion_and_video_conversion",
            "format": "mp4",
            "codec": "h264",
            "video-preview": "",
            "video": [
                "121",
                0
            ]
        },
        "class_type": "SaveVideo",
        "_meta": {
            "title": "保存视频"
        }
    }
}