{
    "6": {
        "inputs": {
            "text": "best quality, masterpiece, HDR, convert it into a portrait in a large hall while keeping other details, cinematic lighting",
            "clip": [
                "10",
                0
            ]
        },
        "class_type": "CLIPTextEncode",
        "_meta": {
            "title": "CLIP文本编码"
        }
    },
    "7": {
        "inputs": {
            "text": "deformed, blurry, over saturation, bad anatomy, disfigured, poorly drawn face, mutation, mutated, extra_limb, ugly, poorly drawn hands, fused fingers, messy drawing, broken legs censor, censored, censor_bar",
            "clip": [
                "10",
                0
            ]
        },
        "class_type": "CLIPTextEncode",
        "_meta": {
            "title": "CLIP文本编码"
        }
    },
    "8": {
        "inputs": {
            "samples": [
                "28",
                0
            ],
            "vae": [
                "13",
                0
            ]
        },
        "class_type": "VAEDecode",
        "_meta": {
            "title": "VAE解码"
        }
    },
    "9": {
        "inputs": {
            "filename_prefix": "woman_portrait_conversion_and_upscaling",
            "images": [
                "8",
                0
            ]
        },
        "class_type": "SaveImage",
        "_meta": {
            "title": "保存图像"
        }
    },
    "10": {
        "inputs": {
            "clip_name": "qwen_2.5_vl_fp16.safetensors",
            "type": "omnigen2",
            "device": "default"
        },
        "class_type": "CLIPLoader",
        "_meta": {
            "title": "加载CLIP"
        }
    },
    "11": {
        "inputs": {
            "width": [
                "32",
                0
            ],
            "height": [
                "32",
                1
            ],
            "batch_size": 1
        },
        "class_type": "EmptySD3LatentImage",
        "_meta": {
            "title": "空Latent图像（SD3）"
        }
    },
    "12": {
        "inputs": {
            "unet_name": "omnigen2_fp16.safetensors",
            "weight_dtype": "default"
        },
        "class_type": "UNETLoader",
        "_meta": {
            "title": "UNet加载器"
        }
    },
    "13": {
        "inputs": {
            "vae_name": "ae.safetensors"
        },
        "class_type": "VAELoader",
        "_meta": {
            "title": "加载VAE"
        }
    },
    "14": {
        "inputs": {
            "pixels": [
                "17",
                0
            ],
            "vae": [
                "13",
                0
            ]
        },
        "class_type": "VAEEncode",
        "_meta": {
            "title": "VAE编码"
        }
    },
    "15": {
        "inputs": {
            "conditioning": [
                "6",
                0
            ],
            "latent": [
                "14",
                0
            ]
        },
        "class_type": "ReferenceLatent",
        "_meta": {
            "title": "ReferenceLatent"
        }
    },
    "16": {
        "inputs": {
            "image": "woman_photo.jpg"
        },
        "class_type": "LoadImage",
        "_meta": {
            "title": "加载图像"
        }
    },
    "17": {
        "inputs": {
            "upscale_method": "area",
            "megapixels": 1,
            "image": [
                "16",
                0
            ]
        },
        "class_type": "ImageScaleToTotalPixels",
        "_meta": {
            "title": "缩放图像（像素）"
        }
    },
    "20": {
        "inputs": {
            "sampler_name": "euler"
        },
        "class_type": "KSamplerSelect",
        "_meta": {
            "title": "K采样器选择"
        }
    },
    "21": {
        "inputs": {
            "noise_seed": 15531218161067
        },
        "class_type": "RandomNoise",
        "_meta": {
            "title": "随机噪波"
        }
    },
    "23": {
        "inputs": {
            "scheduler": "simple",
            "steps": 20,
            "denoise": 1,
            "model": [
                "12",
                0
            ]
        },
        "class_type": "BasicScheduler",
        "_meta": {
            "title": "基本调度器"
        }
    },
    "27": {
        "inputs": {
            "cfg_conds": 5,
            "cfg_cond2_negative": 2,
            "style": "regular",
            "model": [
                "12",
                0
            ],
            "cond1": [
                "15",
                0
            ],
            "cond2": [
                "15",
                0
            ],
            "negative": [
                "7",
                0
            ]
        },
        "class_type": "DualCFGGuider",
        "_meta": {
            "title": "双CFG引导器"
        }
    },
    "28": {
        "inputs": {
            "noise": [
                "21",
                0
            ],
            "guider": [
                "27",
                0
            ],
            "sampler": [
                "20",
                0
            ],
            "sigmas": [
                "23",
                0
            ],
            "latent_image": [
                "11",
                0
            ]
        },
        "class_type": "SamplerCustomAdvanced",
        "_meta": {
            "title": "自定义采样器（高级）"
        }
    },
    "29": {
        "inputs": {
            "conditioning": [
                "7",
                0
            ],
            "latent": [
                "14",
                0
            ]
        },
        "class_type": "ReferenceLatent",
        "_meta": {
            "title": "ReferenceLatent"
        }
    },
    "32": {
        "inputs": {
            "image": [
                "17",
                0
            ]
        },
        "class_type": "GetImageSize",
        "_meta": {
            "title": "Get Image Size"
        }
    },
    "65": {
        "inputs": {
            "model_name": "RealESRGAN_x2.pth"
        },
        "class_type": "UpscaleModelLoader",
        "_meta": {
            "title": "加载放大模型"
        }
    },
    "66": {
        "inputs": {
            "image": "woman_photo.jpg"
        },
        "class_type": "LoadImage",
        "_meta": {
            "title": "加载图像"
        }
    },
    "67": {
        "inputs": {
            "upscale_model": [
                "65",
                0
            ],
            "image": [
                "8",
                0
            ]
        },
        "class_type": "ImageUpscaleWithModel",
        "_meta": {
            "title": "使用模型放大图像"
        }
    },
    "68": {
        "inputs": {
            "filename_prefix": "woman_portrait_conversion_and_upscaling",
            "images": [
                "67",
                0
            ]
        },
        "class_type": "SaveImage",
        "_meta": {
            "title": "保存图像"
        }
    }
}